n_total,acad_year,season,n_in_acad_year,date,year,title,status,contributors_1,institutions_1,countries_1,contributors_2,institutions_2,countries_2,contributors_3,institutions_3,countries_3,contributors_4,institutions_4,countries_4,contributors_5,institutions_5,countries_5,contributors_6,institutions_6,countries_6,contributors_7,institutions_7,countries_7,themes_1,themes_2,themes_3,themes_4,themes_5,themes_6,class outline
1,2014-2015,NA,1,07/04/2015,2015,Introduction to the Course,occurred,Monica Berti,University of Leipzig,Germany,,,,,,,,,,,,,,,,,,,,,,,,,
2,2014-2015,NA,2,14/04/2015,2015,"Ancient Named Entities in the Digital Age [Introduction to onomastics, prosopography, and geography]",occurred,Monica Berti,University of Leipzig,Germany,,,,,,,,,,,,,,,,,,,prosopography,geography,named entities,,,,https://docs.google.com/document/d/1cPfOKTnGc5Mhu7UyA3LEdh5i990vpV0Fg1X23JS9vqc/edit?pli=1
3,2014-2015,NA,3,21/04/2015,2015,"The Big Families [Examples of marked-up inscriptions, names, families, locations]",occurred,Kenny Morrell,"Center for Hellenic Studies, Harvard University",USA,,,,,,,,,,,,,,,,,,,text encoding,named entities,,,,,https://docs.google.com/document/d/1cPfOKTnGc5Mhu7UyA3LEdh5i990vpV0Fg1X23JS9vqc/edit?pli=1
4,2014-2015,NA,4,28/04/2015,2015,"Colonies and politics [Smith’s Dictionaries (translate and annotate entries), updating Wikipedia entries, SNAP ontology]",occurred,Irine Darchia,"Tbilisi State University, Georgia",Georgia,Levan Gordeziani,"Tbilisi State University,Georgia","Tbilisi State University,Georgia",,,,,,,,,,,,,,,,text encoding,semantic Web,linked open data,,,,https://docs.google.com/document/d/1cPfOKTnGc5Mhu7UyA3LEdh5i990vpV0Fg1X23JS9vqc/edit?pli=1
5,2014-2015,NA,5,05/05/2015,2015,Who are the actors? Study in the language of Thuc. 1.89-118,occurred,Francesco Mambrini,"Deutsches Archäologisches Institut, Berlin",Germany,,,,,,,,,,,,,,,,,,,named entities,semantics,text mining,,,,https://docs.google.com/document/d/1cPfOKTnGc5Mhu7UyA3LEdh5i990vpV0Fg1X23JS9vqc/edit?pli=1
6,2014-2015,NA,6,12/05/2015,2015,Thucydides and the revolt of Thasos (common session from Thasos) [Source analysis on Thasos],occurred,Michèle Brunet,University Lyon 2,France,Marie-Claire Beaulieu,Tufts University,Tufts University,,,,,,,,,,,,,,,,named entities,text encoding,epigraphy,,,,https://docs.google.com/document/d/1cPfOKTnGc5Mhu7UyA3LEdh5i990vpV0Fg1X23JS9vqc/edit?pli=1
7,2014-2015,NA,7,19/05/2015,2015,What does Thucydides say about Thasos in his book? Can we see ruins that can be linked with the text? Thasian walls (common session from Thasos) [Funerary monuments (list of casualties) linking with literary sources],occurred,Michèle Brunet,University Lyon 2,France,,,,,,,,,,,,,,,,,,,encoding,linked open data,visualisation,,,,https://docs.google.com/document/d/1cPfOKTnGc5Mhu7UyA3LEdh5i990vpV0Fg1X23JS9vqc/edit?pli=1
8,2014-2015,NA,8,26/05/2015,2015,The revolt of Samos in the ancient sources [Non verbal objects],occurred,Monica Berti,University of Leipzig,Germany,,,,,,,,,,,,,,,,,,,objects and artefacts,named entities,text analysis,,,,https://docs.google.com/document/d/1cPfOKTnGc5Mhu7UyA3LEdh5i990vpV0Fg1X23JS9vqc/edit?pli=1
9,2014-2015,NA,9,02/06/2015,2015,"Thucydides and Thrace: linking texts, objects, and places [Annotating inscriptions with EpiDoc, translating inscriptions through EAGLE Europeana, annotating inscriptions in the Louvre, coins]",occurred,Dimitar Illiev,University of Sofia,Bulgaria,Mirena Slavova,University of Sofia,University of Sofia,,,,,,,,,,,,,,,,named entities,objects and artefacts,linked open data,,,,https://docs.google.com/document/d/1cPfOKTnGc5Mhu7UyA3LEdh5i990vpV0Fg1X23JS9vqc/edit?pli=1
10,2014-2015,NA,10,09/06/2015,2015,Keywords of war? Follow the words in Thucydides [Morphological annotations],occurred,Anise D'Orange Ferreira,Universidade Estadual Paulista,Brazil,,,,,,,,,,,,,,,,,,,named entities,encoding,translation,,,,https://docs.google.com/document/d/1cPfOKTnGc5Mhu7UyA3LEdh5i990vpV0Fg1X23JS9vqc/edit?pli=1
11,2014-2015,NA,11,16/06/2015,2015,Treebanking texts and translations [Bare trees],occurred,Neven Jovanović,University of Zagreb,Croatia,,,,,,,,,,,,,,,,,,,text encoding,treebank,translation,,,,https://docs.google.com/document/d/1cPfOKTnGc5Mhu7UyA3LEdh5i990vpV0Fg1X23JS9vqc/edit?pli=1
12,2014-2015,NA,12,23/06/2015,2015,Comparing trees: an introduction to treebanking evaluation [Annotating trees],occurred,Giuseppe Celano,University of Leipzig,Germany,,,,,,,,,,,,,,,,,,,text encoding,treebank,,,,,https://docs.google.com/document/d/1cPfOKTnGc5Mhu7UyA3LEdh5i990vpV0Fg1X23JS9vqc/edit?pli=1
13,2014-2015,NA,13,10/07/2015,2015,"Sunoikisis DC - An International Consortium of Digital Classics Programs [Digital Classicist Seminar Series 2015, http://www.digitalclassicist.org/wip/wip2015-06mb.html]",occurred,Monica Berti,University of Leipzig,Germany,Gregory R. Crane,Tufts University / University of Leipzig,Tufts University / University of Leipzig,Kenny Morrell,"Center for Hellenic Studies, Harvard University","Center for Hellenic Studies, Harvard University",,,,,,,,,,,,,,,,,,,
14,2015-2016,NA,1,03/02/2016,2016,Introduction to the Course,occurred,Monica Berti,University of Leipzig,Germany,,,,,,,,,,,,,,,,,,,,,,,,,https://github.com/SunoikisisDC/SunoikisisDC-2016/wiki/Introduction-to-the-Course-%28February-3%29
15,2015-2016,NA,2,10/02/2016,2016,Introduction to Treebanking Part I,occurred,Giuseppe Celano,University of Leipzig,Germany,Dag Haug,University of Oslo,University of Oslo,,,,,,,,,,,,,,,,text encoding,treebank,,,,,https://github.com/SunoikisisDC/SunoikisisDC-2016/wiki/Introduction-to-Treebanking-Part-I-%28February-10%29
16,2015-2016,NA,3,17/02/2016,2016,Introduction to Treebanking Part II,occurred,Giuseppe Celano,University of Leipzig,Germany,,,,,,,,,,,,,,,,,,,text encoding,treebank,,,,,https://github.com/SunoikisisDC/SunoikisisDC-2016/wiki/Introduction-to-Treebanking-Part-II-%28February-17%29
17,2015-2016,NA,4,24/02/2016,2016,Named Entity Recognition: SNAP and Recogito,occurred,Gabriel Bodard,University of London,England,Chiara Palladino,University of Bari / University of Leipzig,University of Bari / University of Leipzig,,,,,,,,,,,,,,,,named entities,text encoding,visualisation,,,,https://github.com/SunoikisisDC/SunoikisisDC-2016/wiki/Named-Entity-Recognition:-SNAP-and-Recogito-%28February-24%29
18,2015-2016,NA,5,02/03/2016,2016,Encoding of Ancient Texts,occurred,Federico Aurora,University of Oslo,Norway,Gabriel Bodard,University of London,University of London,Simona Stoyanova,King's College London,King's College London,,,,,,,,,,,,,text encoding,standards,named entities,,,,"https://github.com/SunoikisisDC/SunoikisisDC-2016/wiki/Encoding-of-ancient-texts-%28Leiden,-EpiDoc,-EAGLE,-SoSOL%29-%28March-2%29"
19,2015-2016,NA,6,09/03/2016,2016,Annotation and Alignment of Texts and Objects,occurred,Marie-Claire Beaulieu,Tufts University,USA,Gabriel Bodard,University of London,University of London,Tim Buckingham,Tufts University,Tufts University,Pietro Liuzzo,University of Heidelberg,University of Heidelberg,,,,,,,,,,objets and artefacts,text encoding,visualisation,,,,"https://github.com/SunoikisisDC/SunoikisisDC-2016/wiki/Annotation-and-alignment-of-texts-and-objects-%28Perseids,-Wikimedia-Commons,-Flickr%29-%28March-9%29"
20,2015-2016,NA,7,16/03/2016,2016,"3D Imaging, Scanning, Printing",occurred,Eleni Bozia,University of Florida,USA,Sara Gonzalez,University of Florida,University of Florida,Valeria Vitale,King's College London,King's College London,,,,,,,,,,,,,digitisation,visualisation,,,,,"https://github.com/SunoikisisDC/SunoikisisDC-2016/wiki/3D-Imaging,-Scanning,-Printing-%28March-16%29"
21,2015-2016,NA,8,23/03/2016,2016,3D Modelling for Cultural Heritage,occurred,Valeria Vitale,King's College London,England,Gabriel Bodard,University of London,University of London,,,,,,,,,,,,,,,,digitisation,visualisation,cultural studies,,,,https://github.com/SunoikisisDC/SunoikisisDC-2016/wiki/3D-Modelling-for-Cultural-Heritage-%28March-23%29
22,2015-2016,NA,9,30/03/2016,2016,Teaching Classics in the digital era: pedagogical and logistical issues,occurred,Ryan Fowler,Franklin & Marshall College,USA,Gwen Gruber,University of Iowa,University of Iowa,J. Matthew Harrington,Tufts University,Tufts University,Kenny Morrell,"Rhodes College & Center for Hellenic Studies, Harvard University","Rhodes College & Center for Hellenic Studies, Harvard University",,,,,,,,,,teaching and pedagogy,data mining,standards,,,,https://github.com/SunoikisisDC/SunoikisisDC-2016/wiki/Teaching-Classics-in-the-digital-era:-pedagogical-and-logistical-issues-%28March-30%29
23,2015-2016,NA,10,06/04/2016,2016,Inscriptions in Lucian’s True Stories,occurred,Michèle Brunet,University Lyon 2,France,students,,,,,,,,,,,,,,,,,,epigraphy,text mining,translation,,,,https://github.com/SunoikisisDC/SunoikisisDC-2016/wiki/Inscriptions-in-Lucian’s-True-Stories-%28April-6%29
24,2015-2016,NA,11,13/04/2016,2016,"Odyssey: Named Entities Annotation, Translation Alignment",occurred,Aurélien Berra,Paris Nanterre University,France,students,,,,,,,,,,,,,,,,,,named entities,text encoding,translation,,,,"https://github.com/SunoikisisDC/SunoikisisDC-2016/wiki/Odyssey:-named-entities-annotation,-translation-alignment-%28April-13%29"
25,2015-2016,NA,12,20/04/2016,2016,Digital Tools for the Arts and Humanities: students’ presentations (University of Florida),occurred,Eleni Bozia,University of Florida,USA,students,,,,,,,,,,,,,,,,,,,,,,,,https://github.com/SunoikisisDC/SunoikisisDC-2016/wiki/Digital-Tools-for-the-Arts-and-Humanities:-students’-presentations-%28University-of-Florida%29-%28April-20%29
26,2015-2016,NA,13,27/04/2016,2016,"Aristotle: Translation Alignment (Greek, Latin, Arabic)",occurred,Usama Gad,"Ain Shams University, Cairo / University of Heidelberg",Egypt / Germany,Riccardo Strobino,Tufts University,Tufts University,,,,,,,,,,,,,,,,named entities,text encoding,translation,,,,"https://github.com/SunoikisisDC/SunoikisisDC-2016/wiki/Aristotle:-Translation-Alignment-%28Greek,-Latin,-Arabic%29-%28April-27%29"
27,2015-2016,NA,14,04/05/2016,2016,Annotation of Geographical Data,occurred,Chiara Palladino,University of Bari / University of Leipzig,Italy / Germany,Maxim Romanov,University of Leipzig,University of Leipzig,,,,,,,,,,,,,,,,encoding,geography,named entities,,,,https://github.com/SunoikisisDC/SunoikisisDC-2016/wiki/Annotation-of-Geographical-Data-%28May-4%29
28,2015-2016,NA,15,11/05/2016,2016,"Aligned Translations, Treebanking Part I",occurred,Neven Jovanović,University of Zagreb,Croatia,Petra Šoštarić,University of Zagreb,University of Zagreb,Mario Benedik,University of Zagreb,University of Zagreb,Dunja Ševerdija,University of Zagreb,University of Zagreb,,,,,,,,,,encoding,translation,treebank,,,,"https://github.com/SunoikisisDC/SunoikisisDC-2016/wiki/Aligned-Translations,-Treebanking-Part-I-%28May-11%29"
29,2015-2016,NA,16,18/05/2016,2016,"Aligned Translations, Treebanking Part II",occurred,Anise D'Orange Ferreira,Universidade Estadual Paulista,Brazil,,,,,,,,,,,,,,,,,,,encoding,translation,treebank,,,,"https://github.com/SunoikisisDC/SunoikisisDC-2016/wiki/Aligned-Translations,-Treebanking-Part-II-%28May-18%29"
30,2015-2016,NA,17,27/05/2016,2016,Reading Plato with Digital Tools,occurred,Irine Darchia,"Tbilisi State University, Georgia",Georgia,,,,,,,,,,,,,,,,,,,text analysis,text mining,named entities,,,,https://github.com/SunoikisisDC/SunoikisisDC-2016/wiki/Reading-Plato-with-Digital-Tools-%28May-27%29
31,2015-2016,NA,18,01/06/2016,2016,Text and Digital Editing (Lexicography and Geography),occurred,Stylianos Chronopoulos,University of Freiburg,Germany,Tariq Yousef,University of Leipzig,University of Leipzig,Chiara Palladino,University of Bari / University of Leipzig,University of Bari / University of Leipzig,,,,,,,,,,,,,digital edition,geography,named entities,,,,https://github.com/SunoikisisDC/SunoikisisDC-2016/wiki/Text-and-Digital-Editing-%28Lexicography-and-Geography%29-%28June-1%29
32,2015-2016,NA,19,08/06/2016,2016,Annotating Quotations and Text Reuses,occurred,Monica Berti,University of Leipzig,Germany,Stylianos Chronopoulos,University of Freiburg,University of Freiburg,,,,,,,,,,,,,,,,text encoding,text analysis,text mining,,,,https://github.com/SunoikisisDC/SunoikisisDC-2016/wiki/Annotating-Quotations-and-Text-Reuses-%28June-8%29
33,2015-2016,NA,20,15/06/2016,2016,Presenting SunoikisisDC 2016 at the CHS Common Day,occurred,Monica Berti,University of Leipzig,Germany,Gregory R. Crane,Tufts University / University of Leipzig,Tufts University / University of Leipzig,,,,,,,,,,,,,,,,,,,,,,https://github.com/SunoikisisDC/SunoikisisDC-2016/wiki/Presenting-SunoikisisDC-2016-at-the-CHS-Common-Day-(June-15)
34,2015-2016,NA,21,22/06/2016,2016,Digitizing Inscriptions from Georgia,occurred,Levan Gordeziani,"Tbilisi State University, Georgia",Georgia,,,,,,,,,,,,,,,,,,,digitisation,epigraphy,named entities,,,,https://github.com/SunoikisisDC/SunoikisisDC-2016/wiki/Digitizing-Inscriptions-from-Georgia-%28June-22%29
35,2015-2016,NA,22,29/06/2016,2016,"Teaching Greek through (digital) epigraphy, epigraphy through Greek",occurred,Dimitar Illiev,University of Sofia,Bulgaria,students,,,,,,,,,,,,,,,,,,teaching and pedagogy,epigraphy,digitisation,,,,"https://github.com/SunoikisisDC/SunoikisisDC-2016/wiki/Teaching-Greek-through-(digital)-epigraphy,-epigraphy-through-Greek-(June-29)"
36,2015-2016,NA,23,06/07/2016,2016,Open Persian,occurred,Maryam Foradi,University of Leipzig,Germany,,,,,,,,,,,,,,,,,,,translation,named entities,text encoding,,,,https://github.com/SunoikisisDC/SunoikisisDC-2016/wiki/Open-Persian-%28July-6%29
37,2016-2017,Fall,1,29/09/2016,2016,Introduction: Object artefact script,occurred,Gabriel Bodard,University of London,England,,,,,,,,,,,,,,,,,,,objects and artefacts,,,,,,https://github.com/SunoikisisDC/SunoikisisDC-2016-2017/wiki/Session-1:-Object-Artefact-Script
38,2016-2017,Fall,2,06/10/2016,2016,"3D Imaging, Photogrammetry",occurred,Sebastian Heath,"Institute for the Study of the Ancient World, New York University",USA,,,,,,,,,,,,,,,,,,,digitisation,visualisation,,,,,"https://github.com/SunoikisisDC/SunoikisisDC-2016-2017/wiki/Session-2:-3D-Imaging,-Photogrammetry"
39,2016-2017,Fall,3,13/10/2016,2016,Geography 1: Gazetteers,occurred,Valeria Vitale,King's College London,England,Usama Gad,"Ain Shams University,Cairo / University of Heidelberg","Ain Shams University,Cairo / University of Heidelberg",Gabriel Bodard,University of London,University of London,,,,,,,,,,,,,geography,maps and mapping,linked open data,,,,https://github.com/SunoikisisDC/SunoikisisDC-2016-2017/wiki/Session-3:-Geography-1:-Gazetteers
40,2016-2017,Fall,4,20/10/2016,2016,"3D Modelling, Computer Aided Design",occurred,Valeria Vitale,King's College London,England,,,,,,,,,,,,,,,,,,,digitisation,archaeology,visualisation,,,,"https://github.com/SunoikisisDC/SunoikisisDC-2016-2017/wiki/Session-4:-3D-Modelling,-Computer-Aided-Design"
41,2016-2017,Fall,5,27/10/2016,2016,Geography 2: CartoDB,occurred,Tom Elliott,"Institute for the Study of the Ancient World, New York University",USA,,,,,,,,,,,,,,,,,,,maps and mapping,geography,linked open data,,,,https://github.com/SunoikisisDC/SunoikisisDC-2016-2017/wiki/Session-5:-Geography-2:-CartoDB
42,2016-2017,Fall,6,03/11/2016,2016,Geography 3: GIS,occurred,Leif Isaksen,Lancaster University,England,,,,,,,,,,,,,,,,,,,geography,maps and mapping,visualisation,,,,https://github.com/SunoikisisDC/SunoikisisDC-2016-2017/wiki/Session-6:-Geography-3:-GIS
43,2016-2017,Fall,7,10/11/2016,2016,Ontologies and Data Modelling,occurred,Arianna Ciula,Roehampton University,England,Charlotte Tupman,University of Exeter,University of Exeter,,,,,,,,,,,,,,,,linked open data,standards,data mining,,,,https://github.com/SunoikisisDC/SunoikisisDC-2016-2017/wiki/Session-7:-Ontologies-and-Data-Modelling
44,2016-2017,Fall,8,17/11/2016,2016,Data Structuring and Querying,occurred,Tom Elliott,"Institute for the Study of the Ancient World, New York University",USA,Sebastian Heath,"Institute for the Study of the Ancient World, New York University","Institute for the Study of the Ancient World, New York University",,,,,,,,,,,,,,,,database,XLM-TEI,data mining,,,,https://github.com/SunoikisisDC/SunoikisisDC-2016-2017/wiki/Session-8:-Data-Structuring-and-Querying
45,2016-2017,Fall,9,24/11/2016,2016,Data Visualization,occurred,Jonathan Blaney,Institute of Historical Research,England,Sarah Milligan,Institute of Historical Research,Institute of Historical Research,Jane Winters,School of Advanced Study,School of Advanced Study,,,,,,,,,,,,,visualisation,data mining,database,,,,https://github.com/SunoikisisDC/SunoikisisDC-2016-2017/wiki/Session-9:-Data-Visualization
46,2016-2017,Fall,10,01/12/2016,2016,Network Analysis,occurred,Silke Vanbeselaere,Katholieke Universiteit Leuven,Belgium,Greg Woolf,University of London,University of London,,,,,,,,,,,,,,,,visualisation,prosopography,data mining,,,,https://github.com/SunoikisisDC/SunoikisisDC-2016-2017/wiki/Session-10:-Network-Analysis
47,2016-2017,Fall,11,08/12/2016,2016,Crowdsourcing Heritage and Conservation,occurred,John Pearce,King's College London,England,,,,,,,,,,,,,,,,,,,data mining,crowdsourcing,linked open data,,,,https://github.com/SunoikisisDC/SunoikisisDC-2016-2017/wiki/Session-11:-Crowdsourcing-Heritage-and-Conservation
48,2016-2017,Fall,12,15/12/2016,2016,Historical sources,occurred,Monica Berti,University of Leipzig,Germany,,,,,,,,,,,,,,,,,,,digital archives and library,data mining,database,,,,https://github.com/SunoikisisDC/SunoikisisDC-2016-2017/wiki/Session-12:-Historical-Sources
49,2016-2017,Spring,1,26/01/2017,2017,Geo-annotation,occurred,Chiara Palladino,University of Leipzig / University of Bari,Germany / Italy,Valeria Vitale,King's College London,King's College London,,,,,,,,,,,,,,,,geography,encoding,maps and mapping,,,,https://github.com/SunoikisisDC/SunoikisisDC-2016-2017/wiki/Geo-annotation
50,2016-2017,Spring,2,02/02/2017,2017,Encoding of ancient texts,occurred,Gabriel Bodard,University of London,England,Simona Stoyanova,King's College London,King's College London,,,,,,,,,,,,,,,,text encoding,text mining,digital methods,,,,https://github.com/SunoikisisDC/SunoikisisDC-2016-2017/wiki/Encoding-of-ancient-texts
51,2016-2017,Spring,3,09/02/2017,2017,Annotating treebanks,occurred,Polina Yordanova,University of Sofia,Bulgaria,Marja Vierros,University of Helsinki,University of Helsinki,,,,,,,,,,,,,,,,text analysis,text encoding,treebank,,,,https://github.com/SunoikisisDC/SunoikisisDC-2016-2017/wiki/Annotating-treebanks
52,2016-2017,Spring,4,16/02/2017,2017,Querying treebanks / INESS / Regex,occurred,Dag Haug,University of Oslo,Norway,,,,,,,,,,,,,,,,,,,treebank,data mining,named entities,,,,https://github.com/SunoikisisDC/SunoikisisDC-2016-2017/wiki/Querying-treebanks-INESS-Regex
53,2016-2017,Spring,5,23/02/2017,2017,Querying treebanks / XML / XQuery / XPath,occurred,Giuseppe Celano,University of Leipzig,Germany,,,,,,,,,,,,,,,,,,,treebank,data mining,XML-TEI,,,,"https://github.com/SunoikisisDC/SunoikisisDC-2016-2017/wiki/Querying-treebanks-XML,-XQuery,-XPath"
54,2016-2017,Spring,6,02/03/2017,2017,"Translation alignment: Herodotus in Greek, English and Arabic",occurred,Usama Gad,"Ain Shams University, Cairo",Egypt,,,,,,,,,,,,,,,,,,,translation,text encoding,visualisation,,,,"https://github.com/SunoikisisDC/SunoikisisDC-2016-2017/wiki/Translation-alignment:-Herodotus-in-Greek,-English-and-Arabic"
55,2016-2017,Spring,7,09/03/2017,2017,Prosopography,occurred,Rada Varga,"Babeș-Bolyai University, Cluj-Napoca",Romania,Gabriel Bodard,University of London,University of London,,,,,,,,,,,,,,,,prosopography,named entities,data mining,,,,https://github.com/SunoikisisDC/SunoikisisDC-2016-2017/wiki/Prosopography
56,2016-2017,Spring,8,16/03/2017,2017,Computational Morphology,occurred,Dag Haug,University of Oslo,Norway,Barbara McGillivray,Alan Turing Institute / University of Cambridge,Alan Turing Institute / University of Cambridge,,,,,,,,,,,,,,,,text encoding,text analysis,treebank,,,,https://github.com/SunoikisisDC/SunoikisisDC-2016-2017/wiki/Computational-Morphology
57,2016-2017,Spring,9,23/03/2017,2017,Named entity extraction I,occurred,Matteo Romanello,"Deutsches Archäologisches Institut, Berlin",Germany,Francesco Mambrini,"Deutsches Archäologisches Institut,Berlin","Deutsches Archäologisches Institut,Berlin",,,,,,,,,,,,,,,,named entities,text mining,data mining,,,,https://github.com/SunoikisisDC/SunoikisisDC-2016-2017/wiki/Named-Entity-Extraction-I
58,2016-2017,Spring,10,30/03/2017,2017,Developing linguistic metrics for the analysis of Ancient Greek,occurred,Eleni Bozia,University of Florida,USA,Anise D'Orange Ferreira,Universidade Estadual Paulista,Universidade Estadual Paulista,,,,,,,,,,,,,,,,text encoding,text mining,tree bank,,,,https://github.com/SunoikisisDC/SunoikisisDC-2016-2017/wiki/Developing-linguistic-metrics-for-the-analysis-of-Ancient-Greek
59,2016-2017,Spring,11,06/04/2017,2017,Reading Herodotus in Tbilisi,occurred,Levan Gordeziani,"Tbilisi State University, Georgia",Georgia,,,,,,,,,,,,,,,,,,,translation,text mining,text encoding,,,,https://github.com/SunoikisisDC/SunoikisisDC-2016-2017/wiki/Reading-Herodotus-in-Tbilisi
60,2016-2017,Spring,12,13/04/2017,2017,Reading Herodotus in Tehran,occurred,Arash Keramati,University of Tehran,Iran,Maryam Foradi,University of Tehran,University of Tehran,,,,,,,,,,,,,,,,translation,text mining,text encoding,,,,https://github.com/SunoikisisDC/SunoikisisDC-2016-2017/wiki/Reading-Herodotus-in-Teheran
61,2016-2017,Spring,13,20/04/2017,2017,Named entity extraction II,occurred,Matteo Romanello,"Deutsches Archäologisches Institut, Berlin",Germany,Francesco Mambrini,"Deutsches Archäologisches Institut,Berlin","Deutsches Archäologisches Institut,Berlin",,,,,,,,,,,,,,,,named entities,data mining,tree bank,,,,https://github.com/SunoikisisDC/SunoikisisDC-2016-2017/wiki/Named-Entity-Extraction-II
62,2016-2017,Spring,14,27/04/2017,2017,Digital Mycenology,occurred,Federico Aurora,University of Oslo,Norway,,,,,,,,,,,,,,,,,,,digital archives and library,epigraphy,digitisation,,,,https://github.com/SunoikisisDC/SunoikisisDC-2016-2017/wiki/Digital-Mycenology
63,2016-2017,Spring,15,11/05/2017,2017,Digital Papyrology: documentary papyri,occurred,Nadine Quenouille,University of Leipzig,Germany,Gabriel Bodard,University of London,University of London,Lucia Vannini,University of London,University of London,,,,,,,,,,,,,paleography,manuscript,digital archives and library,,,,https://github.com/SunoikisisDC/SunoikisisDC-2016-2017/wiki/Digital-Papyrology:-Documentary-Papyri
64,2016-2017,Spring,16,18/05/2017,2017,Digital Papyrology: literary and paraliterary texts and linguistic annotation of documentary papyri,occurred,Marja Vierros,University of Parma / University of Trier,Italy / Germany,Nicola Reggiani,University of Helsinki,University of Helsinki,Lucia Vannini,University of London,University of London,,,,,,,,,,,,,text encoding,manuscript,epigraphy,,,,https://github.com/SunoikisisDC/SunoikisisDC-2016-2017/wiki/Digital-Papyrology:-literary-and-paraliterary-texts-and-linguistic-annotation-of-documentary-papyri
65,2016-2017,Spring,17,25/05/2017,2017,Translation Alignment: Possibilities of Language Learning and Vocabulary Training,occurred,Maryam Foradi,University of Leipzig,Germany,Farnoosh Shamsian,University of Tehran,University of Tehran,,,,,,,,,,,,,,,,translation,treebank,text mining,,,,https://github.com/SunoikisisDC/SunoikisisDC-2016-2017/wiki/Translation-Alignment%3A-Possibilities-of-Language-Learning-and-Vocabulary-Training
66,2016-2017,Spring,18,01/06/2017,2017,Digital Egyptology,occurred,Franziska Naether,University of Leipzig,Germany,,,,,,,,,,,,,,,,,,,manuscript,encoding,standards,,,,https://github.com/SunoikisisDC/SunoikisisDC-2016-2017/wiki/Digital-Egyptology
67,2016-2017,Spring,19,08/06/2017,2017,Annotating people and places in Aristophanes and Ovid using Recogito,occurred,Neven Jovanović,University of Zagreb,Croatia,,,,,,,,,,,,,,,,,,,named entities,prosopography,encoding,,,,https://github.com/SunoikisisDC/SunoikisisDC-2016-2017/wiki/Annotating-Aristophanes-Ovid
68,2016-2017,Spring,20,15/06/2017,2017,Annotating and representing ancient lexicographical texts and similes,occurred,Stylianos Chronopoulos,University of Freiburg,Germany,,,,,,,,,,,,,,,,,,,annotation,visualisation,XML-TEI,,,,https://github.com/SunoikisisDC/SunoikisisDC-2016-2017/wiki/Annotating-and-representing-ancient-lexicographical-texts-and-similes
69,2016-2017,Spring,21,23/06/2017,2017,Historical GIS of South-Estern Europe - Joint session with the Digital Classicist Seminar London,occurred,Dimitar Illiev,University of Sofia,Bulgaria,Maria Baramova,University of Sofia,University of Sofia,Grigor Boykov,University of Sofia,University of Sofia,,,,,,,,,,,,,data mining,visualisation,maps and mapping,,,,https://github.com/SunoikisisDC/SunoikisisDC-2016-2017/wiki/Historical-GIS-of-South-Eastern-Europe
70,2016-2017,Spring,22,29/06/2017,2017,Reading and visualizing geo-annotated data,occurred,Chiara Palladino,University of Leipzig / University of Bari,Germany / Italy,Valeria Vitale,University of London,University of London,Marcel Mernitz,University of Leipzig,University of Leipzig,,,,,,,,,,,,,visualisation,maps and mapping,linked open data,,,,https://github.com/SunoikisisDC/SunoikisisDC-2016-2017/wiki/Reading-and-visualizing-geo-annotated-data
71,2016-2017,Spring,23,06/07/2017,2017,Topic modelling of morphologically complex languages,occurred,Thomas Köntges,University of Leipzig,Germany,,,,,,,,,,,,,,,,,,,treebank,teaching and pedagogy,topic modeling,,,,https://github.com/SunoikisisDC/SunoikisisDC-2016-2017/wiki/Topic-modelling-of-morphologically-complex-languages
72,2017-2018,Fall,1,14/09/2017,2017,"Overview, cultural heritage and digital humanities",occurred,Gabriel Bodard,University of London,England,Tom Elliott,"Institute for the Study of the Ancient World, New York University","Institute for the Study of the Ancient World, New York University",Simona Stoyanova,University of London,University of London,Rada Varga,"Babeș-Bolyai University, Cluj-Napoca","Babeș-Bolyai University, Cluj-Napoca",,,,,,,,,,digital methods,cultural studies,visualisation,,,,"https://github.com/SunoikisisDC/SunoikisisDC-2017-2018/wiki/Overview,-cultural-heritage-and-digital-humanities"
73,2017-2018,Fall,2,21/09/2017,2017,Crowdsourcing archaeological data: Portable antiquities scheme,occurred,John Pearce,King's College London,England,,,,,,,,,,,,,,,,,,,crowdsourcing,archaeology,data mining,linked open data,database,,https://github.com/SunoikisisDC/SunoikisisDC-2017-2018/wiki/Crowdsourcing-archaeological-data:-Portable-antiquities-scheme
74,2017-2018,Fall,3,05/10/2017,2017,Geographic annotation and visualisation,occurred,Paula Granados García,Open University,England,Valeria Vitale,University of London,University of London,,,,,,,,,,,,,,,,geography,annotation,visualisation,,,,https://github.com/SunoikisisDC/SunoikisisDC-2017-2018/wiki/Geographic-annotation-and-visualisation
75,2017-2018,Fall,4,12/10/2017,2017,Geographic Information Systems I: encoding geographic data,occurred,Paula Granados García,Open University,England,Valeria Vitale,University of London,England,,,,,,,,,,,,,,,,encoding,maps and mapping,data mining,,,,https://github.com/SunoikisisDC/SunoikisisDC-2017-2018/wiki/Geographic-Information-Systems-I:-encoding-geographic-data
76,2017-2018,Fall,5,19/10/2017,2017,Geographic Information Systems II: interpreting geographic data,occurred,Chiara Palladino,University of Leipzig / University of Bari,Germany / Italy,Tom Elliott,"Institute for the Study of the Ancient World, New York University",USA,,,,,,,,,,,,,,,,data mining,text mining,visualisation,maps and mapping,geography,,https://github.com/SunoikisisDC/SunoikisisDC-2017-2018/wiki/Geographic-Information-Systems-II:-interpreting-geographic-data
77,2017-2018,Fall,6,26/10/2017,2017,"Structuring, querying and visualising data",occurred,Gabriel Bodard,University of London,England,Tom Elliott,"Institute for the Study of the Ancient World ,New York University",USA,Rada Varga,"Babeș-Bolyai University, Cluj-Napoca",Romania,,,,,,,,,,,,,visualisation,data mining,,,,,"https://github.com/SunoikisisDC/SunoikisisDC-2017-2018/wiki/Structuring,-querying-and-visualising-data"
78,2017-2018,Fall,7,02/11/2017,2017,Data transformation with python and regular expressions,occurred,Matteo Romanello,"Deutsches Archäologisches Institut, Berlin / École polytechnique fédérale de Lausanne",Germany / Switzerland,Simona Stoyanova,University of London,England,,,,,,,,,,,,,,,,data mining,database,,,,,https://github.com/SunoikisisDC/SunoikisisDC-2017-2018/wiki/Data-transformation-with-python-and-regular-expressions
79,2017-2018,Fall,8,09/11/2017,2017,Linking text and image,occurred,Charlotte Roueché,King's College London,England,Simona Stoyanova,University of London,England,Gabriel Bodard,University of London,England,,,,,,,,,,,,,linked open data,visualisation,digital edition,,,,https://github.com/SunoikisisDC/SunoikisisDC-2017-2018/wiki/Linking-text-and-image
80,2017-2018,Fall,9,16/11/2017,2017,Prosopography and linked person-data,occurred,Gabriel Bodard,University of London,England,Rada Varga,"Babeș-Bolyai University,Cluj-Napoca",Romania,,,,,,,,,,,,,,,,database,linked open data,prosopography,,,,https://github.com/SunoikisisDC/SunoikisisDC-2017-2018/wiki/Prosopography-and-linked-person-data
81,2017-2018,Fall,10,23/11/2017,2017,3D scanning and imaging,occurred,Graeme Earl,King's College London,England,Sven Gronemeyer,University of Bonn,Germany,Valeria Vitale,University of London,England,,,,,,,,,,,,,digitisation,epigraphy,archaeology,,,,https://github.com/SunoikisisDC/SunoikisisDC-2017-2018/wiki/3D-scanning-and-imaging
82,2017-2018,Fall,11,30/11/2017,2017,3D modelling and design,occurred,Graeme Earl,King's College London,England,Tom Flynn,SketchFab,England,Valeria Vitale,University of London,England,,,,,,,,,,,,,digitisation,visualisation,archaeology,,,,https://github.com/SunoikisisDC/SunoikisisDC-2017-2018/wiki/3D-modelling-and-design
83,2017-2018,Fall,12,07/12/2017,2017,3D printing,occurred,Gabriel Bodard,University of London,England,Philip Carter,University of London,England,Tyler Jo Smith,University of Virginia,USA,,,,,,,,,,,,,digitisation,visualisation,archaeology,,,,https://github.com/SunoikisisDC/SunoikisisDC-2017-2018/wiki/3D-printing
84,2017-2018,Fall,13,14/12/2017,2017,Network analysis and visualisation,occurred,Yanne Broux,University of Bordeaux,France,Ryan Horne,University of Pittsburgh,USA,,,,,,,,,,,,,,,,visualisation,maps and mapping,data analysis,,,,https://github.com/SunoikisisDC/SunoikisisDC-2017-2018/wiki/Network-analysis-and-visualisation
85,2017-2018,Fall,14,11/01/2018,2018,3D environments and virtual reality,occurred,Valeria Vitale,University of London,England,Matthew Nicholls,University of Reading,England,Tom Flynn,SketchFab,England,,,,,,,,,,,,,digitisation,visualisation,archaeology,,,,https://github.com/SunoikisisDC/SunoikisisDC-2017-2018/wiki/3D-environments-and-virtual-reality
86,2017-2018,Spring-Summer,1,25/01/2018,2018,Translation alignment,occurred,Maryam Foradi,University of Leipzig,Germany,Tariq Yousef,University of Leipzig,Germany,Saman Rezaie,University of Tehran,Iran,Gabriel Bodard,University of London,England,,,,,,,,,,translation,text analysis,treebank,,,,https://github.com/SunoikisisDC/SunoikisisDC-2017-2018/wiki/Translation-alignment
87,2017-2018,Spring-Summer,2,01/02/2018,2018,Collaborative editing/resources,occurred,Gabriel Bodard,University of London,England,Emma Bridges,University of London,England,Lucia Vannini,University of London,England,,,,,,,,,,,,,copyright license and open access,crowdsourcing,linked open data,,,,https://github.com/SunoikisisDC/SunoikisisDC-2017-2018/wiki/Collaborative-editing
88,2017-2018,Spring-Summer,3,08/02/2018,2018,Markup 1,occurred,Monica Berti,University of Leipzig,Germany,Gabriel Bodard,University of London,England,Martina Filosa,University of Köln,Germany,,,,,,,,,,,,,encoding,annotation,text mining,,,,"https://github.com/SunoikisisDC/SunoikisisDC-2017-2018/wiki/Markup-1:-HTML,-XML,-EpiDoc"
89,2017-2018,Spring-Summer,4,15/02/2018,2018,Text annotation,occurred,Monica Berti,University of Leipzig,Germany,Gabriel Bodard,University of London,England,,,,,,,,,,,,,,,,annotation,encoding,digital philology,,,,https://github.com/SunoikisisDC/SunoikisisDC-2017-2018/wiki/Text-annotation
90,2017-2018,Spring-Summer,5,22/02/2018,2018,Markup 2,occurred,Gabriel Bodard,University of London,England,Simona Stoyanova,University of London,England,Lucia Vannini,University of London,England,,,,,,,,,,,,,manuscript,epigraphy,annotation,,,,https://github.com/SunoikisisDC/SunoikisisDC-2017-2018/wiki/Markup-2:-publication-and-Papyri.info
91,2017-2018,Spring-Summer,6,01/03/2018,2018,Treebanking 1,occurred,Marja Vierros,University of Helsinki,Finland,Polina Yordanova,University of Sofia / University of London,Bulgaria/ England,,,,,,,,,,,,,,,,text encoding,annotation,treebank,,,,https://github.com/SunoikisisDC/SunoikisisDC-2017-2018/wiki/Treebanking-1:-morphosyntactic-annotation
92,2017-2018,Spring-Summer,7,08/03/2018,2018,Treebanking 2,occurred,Dag Haug,University of Oslo,Norway,Francesco Mambrini,"Deutsches Archäologisches Institut,Berlin",Germany,,,,,,,,,,,,,,,,data mining,encoding,treebank,,,,https://github.com/SunoikisisDC/SunoikisisDC-2017-2018/wiki/Treebanking-2:-using-treebanks
93,2017-2018,Spring-Summer,8,15/03/2018,2018,Python 1/NER,occurred,Francesco Mambrini,"Deutsches Archäologisches Institut, Berlin",Germany,Simona Stoyanova,University of London,England,,,,,,,,,,,,,,,,named entities,data mining,text analysis,,,,https://github.com/SunoikisisDC/SunoikisisDC-2017-2018/wiki/Python-1:-Entity-extraction
94,2017-2018,Spring-Summer,9,22/03/2018,2018,Python 2/PoS tagging and lemmatisation,occurred,Barbara McGillivray,Alan Turing Institute / University of Cambridge,England,Matteo Romanello,École polytechnique fédérale de Lausanne,Switzerland,,,,,,,,,,,,,,,,encoding,text encoding,treebank,,,,https://github.com/SunoikisisDC/SunoikisisDC-2017-2018/wiki/Python-2:-Part-of-Speech-tagging-and-lemmatisation
95,2017-2018,Spring-Summer,10,12/04/2018,2018,Linked Ancient World Data,occurred,Hugh Cayless,Duke University,USA,Valeria Vitale,University of London,England,,,,,,,,,,,,,,,,linked open data,metadata,encoding,,,,https://github.com/SunoikisisDC/SunoikisisDC-2018-2019/wiki/Session-1.-Historical-Digital-Gazetteers
96,2017-2018,Spring-Summer,11,19/04/2018,2018,The Classical Language Toolkit (CLTK),occurred,Patrick J. Burns,"Institute for the Study of the Ancient World, New York University",USA,,,,,,,,,,,,,,,,,,,annotation,treebank,text analysis,,,,https://github.com/SunoikisisDC/SunoikisisDC-2018-2019/wiki/Session-2.-Creating-and-visualising-geo-annotations
97,2017-2018,Spring-Summer,12,26/04/2018,2018,The Scaife Digital Library Viewer,occurred,James Tauber,Eldarion,USA,,,,,,,,,,,,,,,,,,,visualisation,digital archives and library,linked open data,,,,https://github.com/SunoikisisDC/SunoikisisDC-2018-2019/wiki/Session-3.-3D-imaging-and-printing:-documenting-and-reproducing-cultural-heritage-artefacts
98,2017-2018,Spring-Summer,13,03/05/2018,2018,Linguistic Annotation,occurred,Eleni Bozia,University of Florida,USA,Anise D'Orange Ferreira,Universidade Estadual Paulista,Brazil,,,,,,,,,,,,,,,,annotation,treebank,text analysis,,,,https://github.com/SunoikisisDC/SunoikisisDC-2017-2018/wiki/Linguistic-Annotation
99,2017-2018,Spring-Summer,14,17/05/2018,2018,Geo-Annotation,cancelled,Chiara Palladino,University of Leipzig / University of Bari,Germany / Italy,Valeria Vitale,University of London,England,,,,,,,,,,,,,,,,digitalisation,annotation,geography,,,,
100,2017-2018,Spring-Summer,15,24/05/2018,2018,Digital Prosopography,occurred,Rada Varga,"Babeș-Bolyai University, Cluj-Napoca",Romania,Gabriel Bodard,University of London,England,,,,,,,,,,,,,,,,annotation,named entities,prosopography,,,,https://github.com/SunoikisisDC/SunoikisisDC-2017-2018/wiki/Digital-Prosopography
101,2017-2018,Spring-Summer,16,31/05/2018,2018,Programming Through Latin,occurred,Eleni Bozia,University of Florida,USA,Angelos Barmpoutis,University of Florida,USA,,,,,,,,,,,,,,,,translation,NLP,encoding,,,,https://github.com/SunoikisisDC/SunoikisisDC-2017-2018/wiki/Programming-Through-Latin
102,2017-2018,Spring-Summer,17,07/06/2018,2018,Mastering Sanskrit and Latin words and phrases with Bhagavad Gita as a digital corpus,occurred,Neven Jovanović,University of Zagreb,Croatia,Mia Stubičar,University of Zagreb,Croatia,Ana Vragolović,University of Zagreb,Croatia,,,,,,,,,,,,,translation,treebank,digital philology,,,,https://github.com/SunoikisisDC/SunoikisisDC-2017-2018/wiki/Mastering-Greek-Latin-words-phrases
103,2017-2018,Spring-Summer,18,14/06/2018,2018,Open Persian,occurred,Maryam Foradi,University of Leipzig,Germany,Arash Keramati,University of Tehran,Iran,Farnoosh Shamsian,University of Tehran,Iran,,,,,,,,,,,,,translation,treebank,teaching and pedagogy,,,,https://github.com/SunoikisisDC/SunoikisisDC-2017-2018/wiki/Open-Persian
104,2017-2018,Spring-Summer,19,21/06/2018,2018,Digital Papyrology,occurred,Nicola Reggiani,University of Parma,Italy,Marja Vierros,University of Helsinki,Finland,,,,,,,,,,,,,,,,manuscript,encoding,papyrology,,,,https://github.com/SunoikisisDC/SunoikisisDC-2017-2018/wiki/Digital-Papyrology
105,2017-2018,Spring-Summer,20,28/06/2018,2018,3D Modelling,occurred,Valeria Vitale,University of London,England,,,,,,,,,,,,,,,,,,,digitisation,visualisation,archaeology,,,,https://github.com/SunoikisisDC/SunoikisisDC-2017-2018/wiki/3D-Modelling
106,2017-2018,Spring-Summer,21,05/07/2018,2018,The Digital Rosetta Stone Project,occurred,Miriam Amin,University of Leipzig,Germany,Monica Berti,University of Leipzig,Germany,Josephine Hensel,University of Leipzig,Germany,Franziska Naether,University of Leipzig,Germany,,,,,,,,,,standards,encoding,archaeology,,,,https://github.com/SunoikisisDC/SunoikisisDC-2017-2018/wiki/Digital-Rosetta-Stone
107,2018-2019,Fall,1,03/10/2018,2018,Historical Digital Gazetteers,occurred,Jeffrey Becker,Binghamton University,USA,Ruth Mostern,University of Pittsburgh,USA,Valeria Vitale,University of London,England,,,,,,,,,,,,,linked open data,maps and mapping,visualisation,,,,https://github.com/SunoikisisDC/SunoikisisDC-2018-2019/wiki/Session-1.-Historical-Digital-Gazetteers
108,2018-2019,Fall,2,11/10/2018,2018,Creating and visualising geo-annotations,occurred,Elton Barker,Open University,England,Gethin Rees,British Library,England,Valeria Vitale,University of London,England,,,,,,,,,,,,,annotation,maps and mapping,visualisation,,,,https://github.com/SunoikisisDC/SunoikisisDC-2018-2019/wiki/Session-2.-Creating-and-visualising-geo-annotations
109,2018-2019,Fall,3,18/10/2018,2018,3D Imaging and Printing: documenting and reproducing cultural heritage artefacts,occurred,Gabriel Bodard,University of London,England,Valeria Vitale,University of London,England,,,,,,,,,,,,,,,,digitisation,visualisation,archaeology,,,,https://github.com/SunoikisisDC/SunoikisisDC-2018-2019/wiki/Session-3.-3D-imaging-and-printing:-documenting-and-reproducing-cultural-heritage-artefacts
110,2018-2019,Fall,4,25/10/2018,2018,Geographic Information System: querying geo-data,occurred,Leonard Bruckner,"Babeș-Bolyai University, Cluj-Napoca",Romania,Adina Puscasu,"Babeș-Bolyai University,Cluj-Napoca",Romania,Chris Donaldson,University of Lancaster,England,,,,,,,,,,,,,database,visualisation,geography,,,,https://github.com/SunoikisisDC/SunoikisisDC-2018-2019/wiki/Session-4.-Geographic-Information-System:-querying-geo-data
111,2018-2019,Fall,5,01/11/2018,2018,Digital Cultural Heritage and Public Engagement,occurred,Elisa Bonacini,University of South Florida,USA,Emma Bridges,University of London,England,Humphrey Southall,University of Portsmouth,England,,,,,,,,,,,,,crowdsourcing,copyright license and open access,digital methods,,,,https://github.com/SunoikisisDC/SunoikisisDC-2018-2019/wiki/Session-5.-Digital-Cultural-Heritage-and-Public-Engagement
112,2018-2019,Fall,6,08/11/2018,2018,Linked Open Data for Cultural Heritage,occurred,Gabriel Bodard,University of London,England,Valeria Vitale,University of London,England,Hugh Cayless,Duke University,USA,Tom Elliott,"Institute for the Study of the Ancient World,New York University",USA,Andrew Meadows,University of Oxford,England,Jonathan Prag,University of Oxford,England,Charlotte Tupman,University of Exeter,England,linked open data,standards,cultural studies,,,,https://github.com/SunoikisisDC/SunoikisisDC-2018-2019/wiki/Session-6.-Linked-Open-Data-for-Cultural-Heritage
113,2018-2019,Fall,7,15/11/2018,2018,3D Modelling and Texturing,occurred,Thomas Flynn,SketchFab,France / USA,Rachel Opitz,Glasgow University,England,Valeria Vitale,University of London,England,,,,,,,,,,,,,digitisation,visualisation,archaeology,,,,https://github.com/SunoikisisDC/SunoikisisDC-2018-2019/wiki/Session-7.-3D-modelling-and-texturing
114,2018-2019,Fall,8,22/11/2018,2018,Network Analysis,occurred,Tom Brughmans,University of Oxford,England,,,,,,,,,,,,,,,,,,,data analysis,visualisation,named entities,,,,https://github.com/SunoikisisDC/SunoikisisDC-2018-2019/wiki/Session-8.-Network-Analysis
115,2018-2019,Fall,9,29/11/2018,2018,Copyright and Open Access for Digital Cultural Heritage,occurred,Gabriel Bodard,University of London,England,Emma Payne,King's College London,England,Andrea Wallace,University of Exeter,England,,,,,,,,,,,,,copyright license and open access,linked open data,cultural studies,,,,https://github.com/SunoikisisDC/SunoikisisDC-2018-2019/wiki/Session-9.-Copyright-and-Open-Access-for-Digital-Cultural-Heritage
116,2018-2019,Spring,1,10/01/2019,2019,Epigraphic markup: Leiden to EpiDoc,occurred,Gabriel Bodard,University of London,England,Elli Mylonas,Brown University,USA,,,,,,,,,,,,,,,,annotation,encoding,archaeology,,,,https://github.com/SunoikisisDC/SunoikisisDC-2018-2019/wiki/ICS02:-1.-Epigraphic-Markup
117,2018-2019,Spring,2,17/01/2019,2019,Using online linguistic tools: dictionaries and text corpora,occurred,Helma Dik,University of Chicago,USA,Bridget Almas,Alpheios,Alpheios,Marja Vierros,University of Helsinki,Finland,,,,,,,,,,,,,text mining,data mining,digitalisation,,,,https://github.com/SunoikisisDC/SunoikisisDC-2018-2019/wiki/ICS02:-2.-Using-online-linguistic-tools
118,2018-2019,Spring,3,24/01/2019,2019,Geographic annotation of text,occurred,Antonis Hadjikyriacou,Boğaziçi University,Turkey,Sinai Rusinek,Haifa University,Israel,Valeria Vitale,University of London,England,,,,,,,,,,,,,visualisation,annotation,geography,,,,https://github.com/SunoikisisDC/SunoikisisDC-2018-2019/wiki/ICS02:-3.-Geographic-annotation
119,2018-2019,Spring,4,31/01/2019,2019,Linking and annotating secondary materials: case study of Wood Diaries and Palmyra,occurred,Jen Baird,Birkbeck University,England,Gabriel Bodard,University of London,England,,,,,,,,,,,,,,,,linked open data,annotation,geography,,,,https://github.com/SunoikisisDC/SunoikisisDC-2018-2019/wiki/ICS02:-4.-Annotating-secondary-materials
120,2018-2019,Spring,5,07/02/2019,2019,Introduction to Treebanking,occurred,Marja Vierros,University of Helsinki,Finland,Polina Yordanova,University of Helsinki,Finland,,,,,,,,,,,,,,,,treebank,annotation,text encoding,,,,https://github.com/SunoikisisDC/SunoikisisDC-2018-2019/wiki/ICS02:-5.-Introduction-to-Treebanking
121,2018-2019,Spring,6,14/02/2019,2019,Translation alignment and language pedagogy,occurred,Maryam Foradi,University of Leipzig,Germany,Farnoosh Shamsian,University of Tehran,Iran,,,,,,,,,,,,,,,,translation,treebank,annotation,teaching and pedagogy,,,https://github.com/SunoikisisDC/SunoikisisDC-2018-2019/wiki/ICS02:-6.-Translation-alignment
122,2018-2019,Spring,7,21/02/2019,2019,Using treebanked corpora: Universal Dependencies,occurred,Timo Korkiakangas,University of Helsinki,Finland,Marco Passarotti,"Università Cattolica del Sacro Cuore, Milan",Italy,,,,,,,,,,,,,,,,treebank,annotation,digitalisation,,,,https://github.com/SunoikisisDC/SunoikisisDC-2018-2019/wiki/ICS02:-7.-Using-Treebanks
123,2018-2019,Spring,8,28/02/2019,2019,Introduction to programming through R,occurred,Christopher Ohge,University of London,England,Gabriel Bodard,University of London,England,,,,,,,,,,,,,,,,data mining,annotation,programming,,,,https://github.com/SunoikisisDC/SunoikisisDC-2018-2019/wiki/ICS02:-8.-Introduction-to-R
124,2018-2019,Spring,9,07/03/2019,2019,Digital methods in ancient palaeography,occurred,Yasmine Amory,University of Ghent,Belgium,Isabelle Marthot-Santaniello,University of Basel,Switzerland,Simona Stoyanova,King's College London,England,,,,,,,,,,,,,text analysis,digital methods,paleography,,,,https://github.com/SunoikisisDC/SunoikisisDC-2018-2019/wiki/ICS02:-9.-Digital-palaeography
125,2018-2019,Spring,10,14/03/2019,2019,"Text analysis, stylometry, visualisation using R",occurred,Maciej Eder,Kraków University,Poland,Robert Gorman,University of Nebraska-Lincoln,USA,Christopher Ohge,University of London,England,,,,,,,,,,,,,text analysis,text mining,visualisation,,,,https://github.com/SunoikisisDC/SunoikisisDC-2018-2019/wiki/ICS02:-10.-Text-analysis-with-R
126,2018-2019,Summer,1,04/04/2019,2019,Introduction to SunoikisisDC Summer 2019,occurred,Monica Berti,University of Leipzig,Germany,,,,,,,,,,,,,,,,,,,,,,,,,https://github.com/SunoikisisDC/SunoikisisDC-2018-2019/wiki/Summer2019-Session1
127,2018-2019,Summer,2,11/04/2019,2019,Digital Philology,occurred,Federico Boschetti,"Istituto di Linguistica Computazionale «A. Zampolli», CNR, Pisa",Italy,Angelo Mario Del Grosso,"Istituto di Linguistica Computazionale «A. Zampolli», CNR, Pisa",Italy,,,,,,,,,,,,,,,,encoding,annotation,digital philology,,,,https://github.com/SunoikisisDC/SunoikisisDC-2018-2019/wiki/Summer2019-Session2
128,2018-2019,Summer,3,18/04/2019,2019,"Digital Scholarly Edition: Needs, Experiences, Possibilities",occurred,Neven Jovanović,University of Zagreb,Croatia,,,,,,,,,,,,,,,,,,,scholarly editing,text encoding,digital philology,,,,https://github.com/SunoikisisDC/SunoikisisDC-2018-2019/wiki/Summer2019-Session3
129,2018-2019,Summer,5,02/05/2019,2019,Programming for Humanists,occurred,Angelos Barmpoutis,University of Florida,USA,Eleni Bozia,University of Florida,USA,,,,,,,,,,,,,,,,digital methods,encoding,digital philology,,,,https://github.com/SunoikisisDC/SunoikisisDC-2018-2019/wiki/Summer2019-Session5
130,2018-2019,Summer,6,09/05/2019,2019,"Stylometric Analysis of Greek, Using Vocabulary, Grammar, and Syntax",occurred,Eleni Bozia,University of Florida,USA,,,,,,,,,,,,,,,,,,,text analysis,treebank,visualisation,,,,https://github.com/SunoikisisDC/SunoikisisDC-2018-2019/wiki/Summer2019-Session6
131,2018-2019,Summer,7,16/05/2019,2019,Servius: An Object-Oriented Approach,occurred,Katy Felkner,University of Oklahoma,USA,,,,,,,,,,,,,,,,,,,encoding,standards,annotation,,,,https://github.com/SunoikisisDC/SunoikisisDC-2018-2019/wiki/Summer2019-Session7
132,2018-2019,Summer,8,23/05/2019,2019,Peripleo and Linked Open Data (OAD) for Archaeology,occurred,Chiara Palladino,Furman University,USA,,,,,,,,,,,,,,,,,,,linked open data,database,data mining,,,,https://github.com/SunoikisisDC/SunoikisisDC-2018-2019/wiki/Summer2019-Session8
133,2018-2019,Summer,10,06/06/2019,2019,Digital Representations of Ancient Dates,occurred,Monica Berti,University of Leipzig,Germany,Gabriel Bodard,University of London,England,Frank Grieshaber,Heidelberg Academy of Sciences and Humanities,Germany,Tamara Kalkhitashvili,"Ilia State University, Georgia",Georgia,,,,,,,,,,named entities,encoding,archaeology,,,,https://github.com/SunoikisisDC/SunoikisisDC-2018-2019/wiki/Summer2019-Session10
134,2018-2019,Summer,11,13/06/2019,2019,From Annotated Text to Vocabulary Exercises,occurred,Neven Jovanović,University of Zagreb,Croatia,students,University of Zagreb,Croatia,,,,,,,,,,,,,,,,annotation,data mining,text mining,,,,https://github.com/SunoikisisDC/SunoikisisDC-2018-2019/wiki/Summer2019-Session11
135,2018-2019,Summer,12,20/06/2019,2019,Digital Methods and Ancient Magic,occurred,Gabriel Bodard,University of London,England,Franziska Naether,University of Leipzig / Stellenbosch University,Germany / South Africa,,,,,,,,,,,,,,,,digitisation,translation,encoding,,,,https://github.com/SunoikisisDC/SunoikisisDC-2018-2019/wiki/Summer2019-Session12
136,2018-2019,Summer,13,27/06/2019,2019,"Diverse Comparative Studies and the Digital Classicist Work: Greek/grc, Portuguese/por and Brazilian Sign Language/bzs",occurred,Anise D'Orange Ferreira,Universidade Estadual Paulista,Brazil,Caio Camargo,Universidade Estadual Paulista,Brazil,Michel Reis,Universidade Estadual Paulista,Brazil,,,,,,,,,,,,,text analysis,translation,digital philology,,,,https://github.com/SunoikisisDC/SunoikisisDC-2018-2019/wiki/Summer2019-Session13
137,2018-2019,Summer,14,04/07/2019,2019,The Scaife Viewer Reading Environment,occurred,James Tauber,Eldarion,USA,,,,,,,,,,,,,,,,,,,visualisation,digital archives and library,digitalisation,,,,https://github.com/SunoikisisDC/SunoikisisDC-2018-2019/wiki/Summer2019-Session14
138,2018-2019,Summer,15,11/07/2019,2019,The Coptic Scriptorium Project,occurred,Caroline Schroeder,University of the Pacific,USA,,,,,,,,,,,,,,,,,,,digital methods,encoding,digital philology,,,,https://github.com/SunoikisisDC/SunoikisisDC-2018-2019/wiki/Summer2019-Session15
139,2019-2020,Fall,1,03/10/2019,2019,Digital Images and Photography,occurred,Rossitza Atanassova,British Library,England,Eugenio Falcioni,British Library,England,,,,,,,,,,,,,,,,digitisation,linked open data,photography,,,,https://github.com/SunoikisisDC/SunoikisisDC-2019-2020/wiki/DCH-Session-1-Images
140,2019-2020,Fall,2,10/10/2019,2019,3D Imaging and Photogrammetry,occurred,Gabriel Bodard,University of London,England,Emma Payne,King's College London,England,Valeria Vitale,University of London,England,Alicia Walsh,University of Leiden,Netherlands,,,,,,,,,,digitisation,metadata,photography,,,,https://github.com/SunoikisisDC/SunoikisisDC-2019-2020/wiki/DCH-Session-2-3D-Imaging
141,2019-2020,Fall,3,17/10/2019,2019,Decolonization of Cultural Heritage,occurred,Usama Gad,"Ain Shams University, Cairo",Egypt,Zena Kamash,"Royal Holloway University, London",England,Patricia Murrieta Flores,University of Lancaster,England,,,,,,,,,,,,,digital methods,standards,cultural studies,,,,https://github.com/SunoikisisDC/SunoikisisDC-2019-2020/wiki/DCH-Session-3-Decolonization
142,2019-2020,Fall,4,24/10/2019,2019,3D Modelling for Cultural Heritage,occurred,Chiara Piccoli,University of Amsterdam / University of Leiden,Netherlands,Martina Polig,Cyprus Institute / University of Ghent,Cyprus/Belgium,Valeria Vitale,University of London,England,,,,,,,,,,,,,digitisation,standards,cultural studies,,,,https://github.com/SunoikisisDC/SunoikisisDC-2019-2020/wiki/DCH-Session-4-3D-Modelling
143,2019-2020,Fall,5,31/10/2019,2019,Digital Gazetteers,occurred,Johan Åhlfeldt,University of Göteborg,Sweden,Tom Elliott,"Institute for the Study of the Ancient World, New York University",USA,Valeria Vitale,University of London,England,,,,,,,,,,,,,linked open data,visualisation,geography,,,,https://github.com/SunoikisisDC/SunoikisisDC-2019-2020/wiki/DCH-Session-5-Gazetteers
144,2019-2020,Fall,6,07/11/2019,2019,Linked Open Data,occurred,Gabriel Bodard,University of London,England,Paula Granados García,Open University,England,Matteo Romanello,École polytechnique fédérale de Lausanne,Switzerland,,,,,,,,,,,,,linked open data,standards,database,,,,https://github.com/SunoikisisDC/SunoikisisDC-2019-2020/wiki/DCH-Session-6-Linked-Open-Data
145,2019-2020,Fall,7,14/11/2019,2019,Legal and Ethical Considerations,occurred,Gabriel Bodard,University of London,England,Richard Nevell,Wikimedia UK,England,Andrea Wallace,University of Exeter,England,,,,,,,,,,,,,copyright license and open access,linked open data,ethics,,,,https://github.com/SunoikisisDC/SunoikisisDC-2019-2020/wiki/DCH-Session-7-Legal-and-Ethical
146,2019-2020,Fall,8,21/11/2019,2019,GIS and Geovisualization,occurred,Chiara Palladino,Furman University,USA,Rebecca Seifried,"University of Massachusetts, Amherst",USA,,,,,,,,,,,,,,,,digital methods,encoding,geography,,,,https://github.com/SunoikisisDC/SunoikisisDC-2019-2020/wiki/DCH-Session-8-GIS-and-Geovisualization
147,2019-2020,Fall,9,28/11/2019,2019,Crowdsourcing Cultural Heritage,occurred,John Pearce,King's College London,England,Mia Ridge,British Library,England,,,,,,,,,,,,,,,,linked open data,digital archives and library,crowdsourcing,,,,https://github.com/SunoikisisDC/SunoikisisDC-2019-2020/wiki/DCH-Session-9-Crowdsourcing
148,2019-2020,Spring,10,16/01/2020,2020,Basic tools,occurred,Gabriel Bodard,University of London,England,Barbara McGillivray,Alan Turing Institute / University of Cambridge,England,Katharine Shields,University College London,England,,,,,,,,,,,,,digital methods,copyright license and open access,,,,,https://github.com/SunoikisisDC/SunoikisisDC-2019-2020/wiki/DC-Session-1-Basic-Tools
149,2019-2020,Spring,11,23/01/2020,2020,Wikimedia sites for research,occurred,Gabriel Bodard,University of London,England,Emma Bridges,University of London,England,Pietro Liuzzo,University of Hamburg,Germany,Richard Nevell,Wikimedia UK,England,,,,,,,,,,linked open data,database,research process,,,,https://github.com/SunoikisisDC/SunoikisisDC-2019-2020/wiki/DC-Session-2-Wikimedia
150,2019-2020,Spring,12,30/01/2020,2020,EpiDoc 1: intro to markup,occurred,Gabriel Bodard,University of London,England,Charlotte Tupman,University of Exeter,England,,,,,,,,,,,,,,,,epigraphy,manuscript,encoding,,,,https://github.com/SunoikisisDC/SunoikisisDC-2019-2020/wiki/DC-Session-3-EpiDoc-1
151,2019-2020,Spring,13,06/02/2020,2020,Introduction to Python,occurred,Paula Granados García,Open University / The Watercolour World,England,Matteo Romanello,École polytechnique fédérale de Lausanne,Switzerland,,,,,,,,,,,,,,,,digital methods,data mining,encoding,,,,https://github.com/SunoikisisDC/SunoikisisDC-2019-2020/wiki/DC-Session-4-Python
152,2019-2020,Spring,14,13/02/2020,2020,EpiDoc 2: publishing,occurred,Gabriel Bodard,University of London,England,Martina Filosa,University of Köln,Germany,Simona Stoyanova,University of Nottingham,England,,,,,,,,,,,,,text encoding,visualisation,digital edition,,,,https://github.com/SunoikisisDC/SunoikisisDC-2019-2020/wiki/DC-Session-5-EpiDoc-2
153,2019-2020,Spring,15,20/02/2020,2020,Treebanking 1: morphosyntactic annotation,occurred,Vanessa Gorman,University of Nebraska-Lincoln,USA,Polina Yordanova,University of Helsinki,Finland,,,,,,,,,,,,,,,,annotation,treebank,encoding,,,,https://github.com/SunoikisisDC/SunoikisisDC-2019-2020/wiki/DC-Session-6-Treebanking-1
154,2019-2020,Spring,16,27/02/2020,2020,Translation alignment,occurred,Chiara Palladino,Furman University,USA,Tariq Yousef,University of Leipzig,Germany,,,,,,,,,,,,,,,,translation,encoding,database,,,,https://github.com/SunoikisisDC/SunoikisisDC-2019-2020/wiki/DC-Session-7-Translation-alignment
155,2019-2020,Spring,17,05/03/2020,2020,Treebanking 2: querying treebanks,occurred,Francesco Mambrini,"Università Cattolica del Sacro Cuore, Milan",Italy,Toon Van Hal,Katholieke Universiteit Leuven,Belgium,,,,,,,,,,,,,,,,annotation,treebank,text mining,,,,https://github.com/SunoikisisDC/SunoikisisDC-2019-2020/wiki/DC-Session-8-Treebanking-2
156,2019-2020,Spring,18,12/03/2020,2020,Data Visualisation,occurred,Aurélien Berra,Paris Nanterre University,France,Matteo Romanello,École polytechnique fédérale de Lausanne,Switzerland,,,,,,,,,,,,,,,,text analysis,data analysis,visualisation,,,,https://github.com/SunoikisisDC/SunoikisisDC-2019-2020/wiki/DC-Session-9-Visualisation
157,2019-2020,Summer,19,09/04/2020,2020,Introduction to SunikisisDC,occurred,Monica Berti,University of Leipzig,Germany,Dimitar Illiev,University of Sofia,Bulgaria,,,,,,,,,,,,,,,,,,,,,,https://github.com/SunoikisisDC/SunoikisisDC-2019-2020/wiki/Summer2020-Session-1
158,2019-2020,Summer,20,16/04/2020,2020,Digital Classics in Teaching: Before and Now,occurred,Dimitar Illiev,University of Sofia,Bulgaria,,,,,,,,,,,,,,,,,,,teaching and pedagogy,digital methods,,,,,https://github.com/SunoikisisDC/SunoikisisDC-2019-2020/wiki/Summer-2020-Session-2
159,2019-2020,Summer,21,23/04/2020,2020,Text-Bearing Objects 1,occurred,Monica Berti,University of Leipzig,Germany,Dimitar Illiev,University of Sofia,Bulgaria,,,,,,,,,,,,,,,,encoding,archaeology,,,,,https://github.com/SunoikisisDC/SunoikisisDC-2019-2020/wiki/Summer2020-Session-3
160,2019-2020,Summer,22,30/04/2020,2020,Text-Bearing Objects 2,occurred,Lily Grozdanova,University of Sofia,Bulgaria,Alessio Sopracasa,Paris Sorbonne University,France,Karsten Tolle,Frankfurt Big Data Lab,Germany,,,,,,,,,,,,,archaeology,visualisation,database,,,,https://github.com/SunoikisisDC/SunoikisisDC-2019-2020/wiki/Summer2020-Session-4
161,2019-2020,Summer,23,07/05/2020,2020,Open Access for Digital Classics,occurred,Monica Berti,University of Leipzig,Germany,Rada Varga,"Babeș-Bolyai University,Cluj-Napoca",Romania,,,,,,,,,,,,,,,,linked open data,teaching and pedagogy,digital archives and library,,,,https://github.com/SunoikisisDC/SunoikisisDC-2019-2020/wiki/Summer2020-Session-5
162,2019-2020,Summer,24,14/05/2020,2020,"Digital classics and learning Greek in Iran,",occurred,Farnoosh Shamsian,University of Leipzig,Germany,,,,,,,,,,,,,,,,,,,teaching and pedagogy,translation,digital methods,,,,https://github.com/SunoikisisDC/SunoikisisDC-2019-2020/wiki/Summer2020-Session-6
163,2019-2020,Summer,25,28/05/2020,2020,Named Entities Recognition and Annotation for Ancient Greek,occurred,Monica Berti,University of Leipzig,Germany,,,,,,,,,,,,,,,,,,,annotation,visualisation,text analysis,,,,https://github.com/SunoikisisDC/SunoikisisDC-2019-2020/wiki/Summer2020-Session-8
164,2019-2020,Summer,26,04/06/2020,2020,"Making CTS and its application with Greek, Portuguese, and English alignments on Ducat (Daughter of Ugarit Citation Alignment Tool",occurred,Christopher W. Blackwell,Furman University,USA,Anise D'Orange Ferreira,Universidade Estadual Paulista,Brazil,,,,,,,,,,,,,,,,translation,visualisation,text analysis,,,,https://github.com/SunoikisisDC/SunoikisisDC-2019-2020/wiki/Summer2020-Session-9
165,2019-2020,Summer,27,11/06/2020,2020,Cylleneus: Next-gen corpus search for ancient languages,occurred,William Michael Short,University of Exeter,England,,,,,,,,,,,,,,,,,,,text mining,text analysis,database,,,,https://github.com/SunoikisisDC/SunoikisisDC-2019-2020/wiki/Summer2020-Session-10
166,2019-2020,Summer,28,18/06/2020,2020,Textual Analysis,occurred,Eleni Bozia,University of Florida,USA,,,,,,,,,,,,,,,,,,,text analysis,visualisation,digital methods,,,,https://github.com/SunoikisisDC/SunoikisisDC-2019-2020/wiki/Summer2020-Session-11
167,2019-2020,Summer,29,25/06/2020,2020,Programming for Humanists,occurred,Angelos Barmpoutis,University of Florida,USA,Eleni Bozia,University of Florida,USA,,,,,,,,,,,,,,,,digital methods,translation,,,,,https://github.com/SunoikisisDC/SunoikisisDC-2019-2020/wiki/Summer2020-Session-12
168,2019-2020,Summer,30,02/07/2020,2020,Romans 1 by 1: Classical Prosopography using relational and graph based approaches,occurred,Rada Varga,"Babeș-Bolyai University, Cluj-Napoca",Romania,Stefan Bornhofen,"CY Tech, CY Cergy Paris University",France,,,,,,,,,,,,,,,,prosopography,database,linked open data,,,,https://github.com/SunoikisisDC/SunoikisisDC-2019-2020/wiki/Summer2020-Session-13
169,2019-2020,Summer,31,08/07/2020,2020,Virtual Rome: A Digital Model of the Ancient City,occurred,Matthew Nicholls,University of Oxford / University of Reading,England,,,,,,,,,,,,,,,,,,,digitisation,visualisation,digital methods,,,,https://github.com/SunoikisisDC/SunoikisisDC-2019-2020/wiki/Summer2020-Session-14
170,2019-2020,Summer,32,22/07/2020,2020,"Digitisation, Intellectual Property, and Restitution: Exploring (more) equitable approaches to [digital] cultural heritage management",occurred,Andrea Wallace,University of Exeter,England,,,,,,,,,,,,,,,,,,,copyright license and open access,digital methods,cultural studies,,,,https://github.com/SunoikisisDC/SunoikisisDC-2019-2020/wiki/Summer2020-Session-15
171,2020-2021,Fall,1,08/10/2020,2020,"Open Source software, commandline and Git",occurred,Monica Berti,University of Leipzig,Germany,Gabriel Bodard,University of London,England,Irene Vagionakis,University of Bologna,Italy,,,,,,,,,,,,,linked open data,copyright license and open access,digital archives and library,,,,https://github.com/SunoikisisDC/SunoikisisDC-2020-2021/wiki/1-Open-Source-Commandline-Git
172,2020-2021,Fall,2,15/10/2020,2020,Introduction to Markup,occurred,Jonathan Blaney,University of London,England,Charlotte Tupman,University of Exeter,England,Irene Vagionakis,University of Bologna,Italy,,,,,,,,,,,,,annotation,XML-TEI,digital methods,,,,
173,2020-2021,Fall,3,19/10/2020,2020,EpiDoc XML,occurred,Gabriel Bodard,University of London,England,Alessio Sopracasa,Paris Sorbonne University,France,Irene Vagionakis,University of Bologna,Italy,,,,,,,,,,,,,XML-TEI,annotation,epigraphy,,,,https://github.com/SunoikisisDC/SunoikisisDC-2020-2021/wiki/3-EpiDoc
174,2020-2021,Fall,4,29/10/2020,2020,Introduction to Computational Linguistics,occurred,Alek Keersmaekers,Katholieke Universiteit Leuven,Belgium,Marton Ribary,University of Surrey,England,Thea Sommerschield,University of Oxford,England,,,,,,,,,,,,,epigraphy,annotation,text analysis,,,,https://github.com/SunoikisisDC/SunoikisisDC-2020-2021/wiki/4-Computational-Linguistics
175,2020-2021,Fall,5,05/11/2020,2020,Web Annotation,occurred,Monica Berti,University of Leipzig,Germany,Valeria Vitale,British Library,England,,,,,,,,,,,,,,,,annotation,linked open data,text encoding,,,,https://github.com/SunoikisisDC/SunoikisisDC-2020-2021/wiki/5-Web-Annotation
176,2020-2021,Fall,6,12/11/2020,2020,Research with Wikimedia Commons,occurred,Monica Berti,University of Leipzig,Germany,Gabriel Bodard,University of London,England,Richard Nevell,Wikimedia UK,England,,,,,,,,,,,,,linked open data,database,,,,,https://github.com/SunoikisisDC/SunoikisisDC-2020-2021/wiki/6-Wikimedia-Commons
177,2020-2021,Fall,7,19/11/2020,2020,Using Treebanks,occurred,Francesca Dell’Oro,University of Lausanne,Switzerland,Vanessa Gorman,University of Nebraska-Lincoln,USA,Marja Vierros,University of Helsinki,Finland,Polina Yordanova,University of Helsinki,Finland,,,,,,,,,,treebank,annotation,text analysis,,,,https://github.com/SunoikisisDC/SunoikisisDC-2020-2021/wiki/7-Using-Treebanks
178,2020-2021,Fall,8,26/11/2020,2020,Translation Technologies,occurred,Franziska Naether,University of Leipzig,Germany,Chiara Palladino,Furman University,USA,,,,,,,,,,,,,,,,translation,text analysis,visualisation,,,,https://github.com/SunoikisisDC/SunoikisisDC-2020-2021/wiki/8-Translation-Technologies
179,2020-2021,Fall,9,03/12/2020,2020,Visualisation,occurred,Aurélien Berra,Paris Nanterre University,France,Gabriel Bodard,University of London,England,Naomi Wells,University of London,England,,,,,,,,,,,,,treebank,text analysis,visualisation,,,,https://github.com/SunoikisisDC/SunoikisisDC-2020-2021/wiki/9-Visualisation
180,2020-2021,Spring,1,21/01/2021,2021,3D imaging and scanning,occurred,Gabriel Bodard,University of London,England,Kelly McClinton,Indiana University,USA,Alicia Walsh,Recollection Heritage,Netherlands,,,,,,,,,,,,,digitisation,visualisation,objects and artefacts,,,,https://github.com/SunoikisisDC/SunoikisisDC-2020-2021/wiki/CH1-3D-Imaging
181,2020-2021,Spring,2,28/01/2021,2021,Community Mapping,occurred,James Morley,A Street Near You,,Valeria Vitale,British Library,England,,,,,,,,,,,,,,,,maps and mapping,sentiment analysis,linked open data,,,,https://github.com/SunoikisisDC/SunoikisisDC-2020-2021/wiki/CH2-Community-Mapping
182,2020-2021,Spring,3,04/02/2021,2021,Wikipedia and cultural knowledge production,occurred,Effie Kapsalis,Smithsonian Institute,USA,Evelin Heidel,Creative Commons,USA,Gabriel Bodard,University of London,England,Andrea Wallace,University of Exeter,England,,,,,,,,,,linked open data,standards,cultural studies,,,,https://github.com/SunoikisisDC/SunoikisisDC-2020-2021/wiki/CH3-Knowledge-Production
183,2020-2021,Spring,4,11/02/2021,2021,Linked geographical data and web-mapping,occurred,Anne Chen,Yale University,USA,Rainer Simon,Austrian Institute of Technology,Austria,Valeria Vitale,British Library,England,,,,,,,,,,,,,linked open data,geography,visualisation,,,,https://github.com/SunoikisisDC/SunoikisisDC-2020-2021/wiki/CH4-Linked-Geodata
184,2020-2021,Spring,5,18/02/2021,2021,Intangible Cultural Heritage and Indigenous heritage,occurred,Brigitte Vézina,Creative Commons,USA,Majd Al-shihabi,Palestine Open Maps,Canada,Andrea Wallace,University of Exeter,England,,,,,,,,,,,,,digitisation,cultural studies,,,,,https://github.com/SunoikisisDC/SunoikisisDC-2020-2021/wiki/CH5-Intangible-Cultural-Heritage
185,2020-2021,Spring,6,25/02/2021,2021,Geographic Information Systems,occurred,Piraye Hacıgüzeller,University of Antwerp,Belgium,Rebecca Seifried,"University of Massachusetts,Amherst",USA,,,,,,,,,,,,,,,,visualisation,database,geography,,,,https://github.com/SunoikisisDC/SunoikisisDC-2020-2021/wiki/CH6-GIS
186,2020-2021,Spring,7,04/03/2021,2021,Publishing 3D models and intellectual property,occurred,Tom Flynn,SketchFab,France/USA,Dinusha Mendis,Bournemouth University,England,Alicia Walsh,Recollection Heritage,Netherlands,,,,,,,,,,,,,digitisation,copyright license and open access,digital edition,,,,https://github.com/SunoikisisDC/SunoikisisDC-2020-2021/wiki/CH7-Publishing-3D
187,2020-2021,Spring,8,11/03/2021,2021,Intellectual Property and heritage restitution,occurred,Douglas McCarthy,Europeana Foundation,Netherlands,Mathilde Pavis,University of Exeter,England,Andrea Wallace,University of Exeter,England,,,,,,,,,,,,,copyright license and open access,linked open data,,,,,https://github.com/SunoikisisDC/SunoikisisDC-2020-2021/wiki/CH8-IP-and-Restitution
188,2020-2021,Spring,9,18/03/2021,2021,3D modelling,occurred,Vasiliki Lagari,University of Leiden,Netherlands,Chiara Piccoli,University of Amsterdam,Netherlands,Alicia Walsh,Recollection Heritage,Netherlands,,,,,,,,,,,,,visualisation,digitisation,,,,,https://github.com/SunoikisisDC/SunoikisisDC-2020-2021/wiki/CH9-3D-Modelling
189,2020-2021,Summer,19,15/04/2021,2021,Introduction,occurred,Monica Berti,University of Leipzig,Germany,Gabriel Bodard,University of London,England,Valeria Vitale,King's College London,England,,,,,,,,,,,,,,,,,,,https://github.com/SunoikisisDC/SunoikisisDC-2020-2021/wiki/SunoikisisDC-Summer-2021-Session-1
190,2020-2021,Summer,20,22/04/2021,2021,Teaching Epigraphy in a Pandemic,occurred,Alice Bencivenni,University of Bologna,Italy,Gabriel Bodard,University of London,England,Irene Vagionakis,University of Bologna,Italy,,,,,,,,,,,,,teaching and pedagogy,epigraphy,,,,,https://github.com/SunoikisisDC/SunoikisisDC-2020-2021/blob/master/Summer-2021/Session2_slides.pdf
191,2020-2021,Summer,21,29/04/2021,2021,Digital Epigraphic Corpora. The Example of the Inscriptions from Israel and Palestine,occurred,Michael Satlow,Brown University,USA,Elli Mylonas,Brown University,USA,,,,,,,,,,,,,,,,encoding,epigraphy,digital archives and library,,,,https://github.com/SunoikisisDC/SunoikisisDC-2020-2021/wiki/SunoikisisDC-Summer-2021-Session-3
192,2020-2021,Summer,22,06/05/2021,2021,Linguistic Annotations of Greek and Latin Inscriptions,occurred,Francesca Dell'Oro,University of Lausanne,Switzerland,,,,,,,,,,,,,,,,,,,epigraphy,annotation,,,,,https://github.com/SunoikisisDC/SunoikisisDC-2020-2021/wiki/SunoikisisDC-Summer-2021-Session-4
193,2020-2021,Summer,23,20/05/2021,2021,Learning and Reading ancient Greek with Pedalion,occurred,Toon Van Hal,Katholieke Universiteit Leuven,Belgium,Alek Keersmaekers,Katholieke Universiteit Leuven,Belgium,,,,,,,,,,,,,,,,linguistics,teaching and pedagogy,,,,,https://github.com/SunoikisisDC/SunoikisisDC-2020-2021/wiki/SunoikisisDC-Summer-2021-Session-6
194,2020-2021,Summer,24,27/05/2021,2021,Reading and Learning ancient Greek with Diorisis and the Scaife Viewer,occurred,James Tauber,Eldarion,USA,Alessandro Vatri,University of Oxford,England,,,,,,,,,,,,,,,,linguistics,teaching and pedagogy,,,,,https://github.com/SunoikisisDC/SunoikisisDC-2020-2021/wiki/SunoikisisDC-Summer-2021-Session-7
195,2020-2021,Summer,25,03/06/2021,2021,Trismegistos People,occurred,Yanne Broux,University of Bordeaux,France,,,,,,,,,,,,,,,,,,,prosopography,manuscript,,,,,https://github.com/SunoikisisDC/SunoikisisDC-2020-2021/wiki/SunoikisisDC-Summer-2021-Session-8
196,2020-2021,Summer,26,10/06/2021,2021,Named Entity Recognition and Prosopography,occurred,Monica Berti,University of Leipzig,Germany,Gabriel Bodard,University of London,England,,,,,,,,,,,,,,,,prosopography,annotation,linked open data,,,,https://github.com/SunoikisisDC/SunoikisisDC-2020-2021/wiki/SunoikisisDC-Summer-2021-Session-9
197,2020-2021,Summer,27,17/06/2021,2021,Annotating Geographical Data with Recogito,occurred,Elton Barker,Open University,England,Valeria Vitale,King's College London,England,,,,,,,,,,,,,,,,geography,annotation,text analysis,,,,https://github.com/SunoikisisDC/SunoikisisDC-2020-2021/wiki/SunoikisisDC-Summer-2021-Session-10
198,2020-2021,Summer,28,24/06/2021,2021,Citation for Historical Texts and the Cited Loci Project,occurred,Matteo Romanello,École polytechnique fédérale de Lausanne,Switzerland,,,,,,,,,,,,,,,,,,,text mining,annotation,linked open data,,,,https://github.com/SunoikisisDC/SunoikisisDC-2020-2021/wiki/SunoikisisDC-Summer-2021-Session-11
199,2020-2021,Summer,29,01/07/2021,2021,The Digital Latin Library,occurred,Samuel J. Huskey,University of Oklahoma,USA,,,,,,,,,,,,,,,,,,,linked open data,semantic Web,digital archives and library,,,,https://github.com/SunoikisisDC/SunoikisisDC-2020-2021/wiki/SunoikisisDC-Summer-2021-Session-12
200,2020-2021,Summer,30,08/07/2021,2021,eAQUA. Extraction of structured knowledge from ancient sources for Classical Studies,occurred,Corina Willkommen,University of Leipzig,Germany,Jens Wittig,University of Leipzig,Germany,,,,,,,,,,,,,,,,text mining,,,,,,https://github.com/SunoikisisDC/SunoikisisDC-2020-2021/wiki/SunoikisisDC-Summer-2021-Session-13
201,2020-2021,Summer,31,15/07/2021,2021,Beyond Classics: The Book of the Dead in 3D,occurred,Rita Lucarelli,"University of California, Berkeley",USA,Franziska Naether,University of Leipzig,Germany,,,,,,,,,,,,,,,,digitisation,archaeology,visualisation,,,,https://github.com/SunoikisisDC/SunoikisisDC-2020-2021/wiki/SunoikisisDC-Summer-2021-Session-14
202,2020-2021,Summer,32,22/07/2021,2021,Beyond Classics: The Turin Papyrus Online Platform (TPOP),occurred,Susanne Töpfer,Fondazione Museo delle Antichità Egizie di Torino,Italy,Franziska Naether,University of Leipzig,Germany,,,,,,,,,,,,,,,,digitisation,database,,,,,https://github.com/SunoikisisDC/SunoikisisDC-2020-2021/wiki/SunoikisisDC-Summer-2021-Session-15
203,2021-2022,Fall,1,07/10/2021,2021,Philological Search Tools,occurred,Gabriel Bodard,University of London,England,Peter Heslin,Durham University,England,Alek Keersmaekers,Katholieke Universiteit Leuven,Belgium,James Tauber,Eldarion,USA,,,,,,,,,,,text mining,digital archives and library,,,,https://github.com/SunoikisisDC/SunoikisisDC-2021-2022/wiki/Philological-Search-Tools
204,2021-2022,Fall,2,14/10/2021,2021,Text Encoding I: EpiDoc,occurred,Gabriel Bodard,University of London,England,Polina Yordanova,University of Helsinki,Finland,,,,,,,,,,,,,,,,XML-TEI,annotation,epigraphy,,,,https://github.com/SunoikisisDC/SunoikisisDC-2021-2022/wiki/Text-Encoding-I-EpiDoc
205,2021-2022,Fall,3,21/10/2021,2021,Text Analysis with Voyant,occurred,Aurélien Berra,Paris Nanterre University,France,Gabriel Bodard,University of London,England,Christopher Ohge,University of London,England,,,,,,,,,,,,,text mining,,,,,,https://github.com/SunoikisisDC/SunoikisisDC-2021-2022/wiki/Text-Analysis-with-Voyant
206,2021-2022,Fall,4,28/10/2021,2021,Text Encoding II: Objects,occurred,Gabriel Bodard,University of London,England,Scott DiGiulio,Mississippi State University,USA,,,,,,,,,,,,,,,,XML-TEI,archaeology,annotation,,,,https://github.com/SunoikisisDC/SunoikisisDC-2021-2022/wiki/Text-Encoding-II-Objects
207,2021-2022,Fall,5,04/11/2021,2021,Research with Treebanks,occurred,Nicole Iu,University of London,England,Francesco Mambrini,University of Milan,Italy,Marja Vierros,University of Helsinki,Finland,,,,,,,,,,,,,text analysis,epigraphy,linguistics,,,,https://github.com/SunoikisisDC/SunoikisisDC-2021-2022/wiki/Research-with-Treebanks
208,2021-2022,Fall,6,11/11/2021,2021,cancelled,cancelled,,,,,,,,,,,,,,,,,,,,,,,,,,,,
209,2021-2022,Fall,7,18/11/2021,2021,Translation and Text Alignment,occurred,Chiara Palladino,Furman University,USA,Farnoosh Shamsian,University of Leipzig,Germany,Maia Shukhosvili,"Tbilisi State University, Georgia",Georgia,,,,,,,,,,,,,digital humanities history,translation,,,,,https://github.com/SunoikisisDC/SunoikisisDC-2021-2022/wiki/Translation-and-Text-Alignment
210,2021-2022,Fall,8,25/11/2021,2021,Text and Web Annotation,occurred,Monica Berti,University of Leipzig,Germany,Valeria Vitale,Alan Turing Institute,England,,,,,,,,,,,,,,,,annotation,linked open data,semantic Web,,,,https://github.com/SunoikisisDC/SunoikisisDC-2021-2022/wiki/Text-and-Web-Annotation
211,2021-2022,Fall,9,02/12/2021,2021,Computational Linguistics,occurred,Alek Keersmaekers,Katholieke Universiteit Leuven,Belgium,Martina Astrid Rodda,University of Oxford,England,,,,,,,,,,,,,,,,linguistics,text analysis,text mining,,,,https://github.com/SunoikisisDC/SunoikisisDC-2021-2022/wiki/Computational-Linguistics
212,2021-2022,Spring,10,13/01/2022,2022,Crowdsourcing and cultural heritage,occurred,Gabriel Bodard,University of London,England,Richard Nevell,Wikimedia UK,England,John Pearce,King's College London,England,,,,,,,,,,,,,crowdsourcing,linked open data,cultural studies,,,,https://github.com/SunoikisisDC/SunoikisisDC-2021-2022/wiki/1-Crowdsourcing
213,2021-2022,Spring,11,20/01/2022,2022,"Museum data, access and metadata",occurred,Paula Granados García,British Museum,England,Susanne Töpfer,Museo Egizio Torino,Italy,,,,,,,,,,,,,,,,"GLAM: galleries,libraries,archives,museums",metadata,copyright license and open access,,,,https://github.com/SunoikisisDC/SunoikisisDC-2021-2022/wiki/2-Museum-data
214,2021-2022,Spring,12,27/01/2022,2022,3D imaging in museum research,occurred,Gabriel Bodard,University of London,England,Daniel O'Flynn,British Museum,England,Dan Pett,"Fitzwilliam Museum, University of Cambridge",England,,,,,,,,,,,,,digitisation,"GLAM: galleries,libraries,archives,museums",archaeology,,,,https://github.com/SunoikisisDC/SunoikisisDC-2021-2022/wiki/3-3D-imaging
215,2021-2022,Spring,13,03/02/2022,2022,Digital heritage collections,occurred,Paula Granados García,British Museum,England,Rhiannon Lewis,University of London / Science Museum Group,England,Stella Wisdom,British Library,England,,,,,,,,,,,,,"GLAM: galleries,libraries,archives,museums",copyright license and open access,cultural studies,,,,https://github.com/SunoikisisDC/SunoikisisDC-2021-2022/wiki/4-Digital-heritage
216,2021-2022,Spring,14,10/02/2022,2022,3D modelling and reconstruction,occurred,Orly Lewis,Hebrew University of Jerusalem,Israel,Tosca Lynch,University of Oxford,England,Gabriel Bodard,University of London,England,,,,,,,,,,,,,digitisation,visualisation,cultural studies,,,,https://github.com/SunoikisisDC/SunoikisisDC-2021-2022/wiki/5-3D-modelling
217,2021-2022,Spring,15,17/02/2022,2022,Linked geographical data and annotation,occurred,Paula Granados García,British Museum,England,Valeria Vitale,Alan Turing Institute,England,,,,,,,,,,,,,,,,linked open data,maps and mapping,semantic Web,,,,https://github.com/SunoikisisDC/SunoikisisDC-2021-2022/wiki/6-Linked-Geodata
218,2021-2022,Spring,16,24/02/2022,2022,Reuse of heritage data and open licenses,occurred,Douglas McCarthy,Europeana Foundation,,Andrea Wallace,University of Exeter,England,,,,,,,,,,,,,,,,"GLAM: galleries,libraries,archives,museums",copyright license and open access,,,,,https://github.com/SunoikisisDC/SunoikisisDC-2021-2022/wiki/7-Reuse-of-heritage
219,2021-2022,Spring,17,03/03/2022,2022,Geographic Information Systems,occurred,Sarah Murray,University of Toronto,Canada,Rebecca Seifried,"University of Massachusetts,Amherst",USA,,,,,,,,,,,,,,,,geography,cultural studies,archaeology,,,,https://github.com/SunoikisisDC/SunoikisisDC-2021-2022/wiki/8-GIS
220,2021-2022,Spring,18,10/03/2022,2022,"Archaeology, VR and other gaming technologies",occurred,Coré Ferrer-Alcantud,Universitat Jaume I,Spain,Andrew Reinhard,New York University,USA,,,,,,,,,,,,,,,,virtual and augmented reality,digitisation,archaeology,,,,https://github.com/SunoikisisDC/SunoikisisDC-2021-2022/wiki/9-VR-and-archaeology
221,2021-2022,Summer,1,28/04/2022,2022,WordNets for Ancient Indo-European Languages,occurred,Monica Berti,Leipzig University,Germany,Erica Biagetti,University of Pavia,Italy,Chiara Zanchi,University of Pavia,Italy,William Michael Short,University of Exeter,United Kingdom,,,,,,,,,,Digital-Lexicography,Word-Nets,Linguistic-Research,,,,https://github.com/SunoikisisDC/SunoikisisDC-2021-2022/wiki/SunoikisisDC-Summer-2022-Session-1
222,2021-2022,Summer,2,05/05/2022,2022,Text Analysis and Fragment Detection in Aelian's De Natura Animalium,occurred,Monica Berti,Leipzig University,Germany,Gabriel Bodard,University of London,United Kingdom,Aurélien Berra,University Paris-Nanterre,France,Lucía Rodríguez-Noriega Guillén,University of Oviedo,Spain,Alexandra Trachsel,University of Erfurt,Germany,,,,,,,Digital-Philology,Text-Analysis,Voyant-Tool,,,,https://github.com/SunoikisisDC/SunoikisisDC-2021-2022/wiki/SunoikisisDC-Summer-2022-Session-2
223,2021-2022,Summer,3,19/05/2022,2022,ToposText and Wikidata,occurred,Monica Berti,Leipzig University,Germany,Brady Kiesling,,,,,,,,,,,,,,,,,,Digital-Geography,Mapping,ToposText,,,,https://github.com/SunoikisisDC/SunoikisisDC-2021-2022/wiki/SunoikisisDC-Summer-2022-Session-4
224,2021-2022,Summer,4,02/06/2022,2022,Machina Callida,occurred,Monica Berti,Leipzig University,Germany,Andrea Beyer,Humboldt University of Berlin,Allemagne,Konstantin Schulz,Humboldt University of Berlin,,,,,,,,,,,,,,Pedagogy,Philological-Research,Machina-Callida,,,,https://github.com/SunoikisisDC/SunoikisisDC-2021-2022/wiki/SunoikisisDC-Summer-2022-Session-6
225,2022-2023,Summer,5,09/06/2022,2022,"South Africa, Greece and Rome: Classical Confrontations in the Digital Age",occurred,Monica Berti,Leipzig University,Germany,Samantha Masters,Stellenbosch University,South Africa,,,,,,,,,,,,,,,,Digital-Museology,Preserving,Museum-Data,,,,https://github.com/SunoikisisDC/SunoikisisDC-2021-2022/wiki/SunoikisisDC-Summer-2022-Session-7
226,2022-2023,Summer,6,23/06/2022,2022,Natural Language Processing (NLP) for Historical Texts,occurred,Monica Berti,Leipzig University,Germany,Katie McDonough,The Alan Touring Institute,England,Ludovic Moncla,Institut national des sciences appliquées de Lyon (INSA Lyon),France,,,,,,,,,,,,,Natural-Language-Processing,Geo-Tagging,GIS,,,,https://github.com/SunoikisisDC/SunoikisisDC-2021-2022/wiki/SunoikisisDC-Summer-2022-Session-9
227,2022-2023,Summer,7,30/06/2022,2022,Exhibiting the Ancient World - Online and Offline,occurred,Monica Berti,Leipzig University,Germany,Franziska Naether,Leipzig University-Stellenbosch University,Germany-South Africa,Lara Weiss,Rijksmuseum van Oudheden Leiden,Netherlands,,,,,,,,,,,,,Digital-Museology,Curating,Digital-Exhibitions,,,,https://github.com/SunoikisisDC/SunoikisisDC-2021-2022/wiki/SunoikisisDC-Summer-2022-Session-10
228,2022-2023,Summer,8,07/07/2022,2022,Translation Alignment for Ancient Greek and Latin,occurred,Monica Berti,Leipzig University,Germany,Chiara Palladino,Furman University,USA,David Wright,Furman University,USA,Tariq Yousef,Leipzig University,Germany,,,,,,,,,,Computational-Linguistics,Translation-Alignment,Ancient-Greek,,,,https://github.com/SunoikisisDC/SunoikisisDC-2021-2022/wiki/SunoikisisDC-Summer-2022-Session-11
229,2022-2023,Fall,1,03/11/2022,2022,Learning Greek and Latin with Treebanks,occurred,Vanessa Gorman,University of Nebraska Lincoln,USA,Matthew Harrington,Tufts University,USA,,,,,,,,,,,,,,,,digital-classics,annotation,tree-banking,,,,https://github.com/SunoikisisDC/SunoikisisDC-2022-2023/wiki/Learning-Greek-and-Latin-with-Treebanks
230,2022-2023,Fall,2,10/11/2022,2022,Contributing Apparatus corrections to Papyri.info,occurred,Gabriel Bodard,University of London,England,Lucia Vannini,University of London,England,Marja Vierros,University of Helsinki,Finland,,,,,,,,,,,,,,,digital-papyrology,papyri.info,ancient-greek,,https://github.com/SunoikisisDC/SunoikisisDC-2022-2023/wiki/Contributing-Apparatus-corrections-to-Papyri-info
231,2022-2023,Fall,3,16/11/2022,2022,Editing MediaWiki and the Digital Classicist Wiki,occurred,Gabriel Bodard,University of London,England,Rosa Lorito,Liceo Classico G. Pantaleo - Castelvetrano (TP),Italy,Paolo Monella,La Sapienza University of Rome,Italy,,,,,,,,,,,,,,,digital-classics,editing,digital-classicist-wiki,,https://github.com/SunoikisisDC/SunoikisisDC-2022-2023/wiki/Editing-MediaWiki-and-the-Digital-Classicist-Wiki
232,2022-2023,Fall,4,22/11/2022,2022,Contributing to Ancient Linguistic Annotation Projects,occurred,Francesca Dell’Oro,Université de Neuchâtel,Switzerland,Francesco Mambrini,Università Cattolica del Sacro Cuore-Milan,Italy,,,,,,,,,,,,,,,,computational-linguistics,annotation,ancient-texts,,,,https://github.com/SunoikisisDC/SunoikisisDC-2022-2023/wiki/Contributing-to-Ancient-Linguistic-Annotation-Projects
233,2022-2023,Fall,5,08/12/2022,2022,Using and Editing Wikidata,occurred,Monica Berti,University of Leipzig,Germany,Shani Evenstein Sigalov,Tel Aviv University-University of London,Israel/England,,,,,,,,,,,,,,,,,digital-classics,using-editing,wiki-data,,,https://github.com/SunoikisisDC/SunoikisisDC-2022-2023/wiki/Using-and-Editing-Wikidata
234,2022-2023,Spring,1,19/01/2023,2023,Object description and process in EpiDoc,occurred,Gabriel Bodard,University of London,England,Martina Filosa,University of Cologne,Germany,Usama Gad,Ain Shams University,Egypt,,,,,,,,,,,,,,digital-classics,text-editing,EpiDoc,,,https://github.com/SunoikisisDC/SunoikisisDC-2022-2023/wiki/Ch-1-EpiDoc
235,2022-2023,Spring,2,26/01/2023,2023,Using and Editing Wikipedia,occurred,Monica Berti,University of Leipzig,Germany,Gabriel Bodard,University of London,England,Richard Nevell,Wikimedia UK,England,Katharine Shields,King's College London,England,,,,,,,,,,,digital-classics,text-editing,Wikipedia,,,https://github.com/SunoikisisDC/SunoikisisDC-2022-2023/wiki/Ch-2-Wikipedia
236,2022-2023,Spring,3,02/02/2023,2023,Linked Geographical Data and Annotation,occurred,Paula Granados García,Open University,England,Valeria Vitale,University of Sheffield,England,,,,,,,,,,,,,,,,linked open data,semantic Web,geography,,,,https://github.com/SunoikisisDC/SunoikisisDC-2021-2022/wiki/6-Linked-Geodata
237,2022-2023,Spring,4,09/02/2023,2023,cancelled,cancelled,,,,,,,,,,,,,,,,,,,,,,,,,,,,
238,2022-2023,Spring,5,16/02/2023,2023,cancelled,cancelled,,,,,,,,,,,,,,,,,,,,,,,,,,,,
239,2022-2023,Spring,6,23/02/2023,2023,"Physical, Digital and Intellectual Property Restitution",occurred,Saima Akhtar,Barnard College,USA,Andrea Wallace,University of Exeter,England,,,,,,,,,,,,,,,,copyright license and open access,digitisation,,,,,https://github.com/SunoikisisDC/SunoikisisDC-2022-2023/wiki/Ch-6-Restitution
240,2022-2023,Spring,7,02/03/2023,2023,3D Modelling and Reconstruction,occurred,Gabriel Bodard,University of London,England,Orly Lewis,Hebrew University of Jerusalem,Israel,,,,,,,,,,,,,,,,digitisation,visualisation,cultural studies,,,,https://github.com/SunoikisisDC/SunoikisisDC-2022-2023/wiki/Ch-7-3D-Modelling
241,2022-2023,Spring,8,09/03/2023,2023,Museum Collection Data Management and Access,occurred,Victoria Donnellan,University College London,England,Paula Granados García,Open University,England,,,,,,,,,,,,,,,,"GLAM: galleries,libraries,archives,museums",database,copyright license and open access,,,,https://github.com/SunoikisisDC/SunoikisisDC-2022-2023/wiki/Ch-8-Collection-Data
242,2022-2023,Spring,9,16/03/2023,2023,cancelled,cancelled,,,,,,,,,,,,,,,,,,,,,,,,,,,,
243,2022-2023,Summer,1,11/05/2023,2023,Using and editing Wikidata,occurred,Monica Berti,University of Leipzig,Germany,Shani Evenstein Sigalov,Tel Aviv University-University of London,Israel/England,Gabriel Bodard,University of London,England,,,,,,,,,,,,,digital-classics,using-editing,wiki-data,,,,https://github.com/SunoikisisDC/SunoikisisDC-2022-2023/wiki/Using-and-Editing-Wikidata
244,2022-2023,Summer,2,08/06/2023,2023,The Digital Classicist Wiki,occurred,Monica Berti,University of Leipzig,Germany,Gabriel Bodard,University of London,England,Joel Kalvesmaki,independent scholar,USA,,,,,,,,,,,,,digital-classics,wiki-data,digital-classicist-wiki,,,,https://github.com/SunoikisisDC/SunoikisisDC-2022-2023/wiki/Session-2
245,2022-2023,Summer,3,15/06/2023,2023,Wikidata for Classicists,occurred,Monica Berti,University of Leipzig,Germany,Anne Chen,Yale University,USA,,,,,,,,,,,,,,,,digital-classics,wiki-data,,,,,https://github.com/SunoikisisDC/SunoikisisDC-2022-2023/wiki/Session-3
246,2022-2023,Summer,4,06/07/2023,2023,cancelled,cancelled,,,,,,,,,,,,,,,,,,,,,,,,,,,,
247,2023-2024,Spring,1,11/01/2024,2024,EpiDoc: Digital encoding of epigraphic text and object,occurred,Gabriel Bodard,University of London,England,Martina Filosa,University of Cologne,Germany,Nora White,Maynooth University,Ireland,,,,,,,,,,,,,,,,,,,https://github.com/SunoikisisDC/SunoikisisDC-2023-2024/wiki/1.-EpiDoc
248,2023-2024,Spring,2,18/01/2024,2024,3D Imaging: From remote sensing to photogrammetry,occurred,Gabriel Bodard,University of London,England,Emlyn Dodd,University of London,England,Stephen Kay,British School at Rome,Italy,Vera Moitinho de Almeida,University of Porto,Portugal,,,,,,,,,,,,,,,,https://github.com/SunoikisisDC/SunoikisisDC-2023-2024/wiki/2.-3D-Imaging
249,2023-2024,Spring,3,25/01/2024,2024,Gazetteers: Annotation and mapping,occurred,Chiara Palladino,Furman University,USA,Valeria Vitale,University of Sheffield,England,,,,,,,,,,,,,,,,,,,,,,https://github.com/SunoikisisDC/SunoikisisDC-2023-2024/wiki/3.-Gazetteers
250,2023-2024,Spring,4,08/02/2024,2024,Geographic Information Systems: From maps to analysis,occurred,Justin Colson,University of London,England,Rebecca Seifried,University of Massachusetts Amherst,USA,,,,,,,,,,,,,,,,,,,,,,https://github.com/SunoikisisDC/SunoikisisDC-2023-2024/wiki/4.-GIS
251,2023-2024,Spring,5,15/02/2024,2024,Ethical Responsibilites and 3D Methods in Cultural Heritage,occurred,Gabriel Bodard,University of London,England,Paula Granados García,Endangered Material Knowledge Programme,England,Tala Rahal,"GLAM-E Lab, University of Exeter",England,Andrea Wallace,University of Exeter,England,,,,,,,,,,,,,,,,https://github.com/SunoikisisDC/SunoikisisDC-2023-2024/wiki/5.-Ethics
252,2023-2024,Spring,6,22/02/2024,2024,Wikipedia & Wikidata: Collaboration and authority data,occurred,Monica Berti,University of Leipzig,Germany,Gabriel Bodard,University of London,England,Ilaria Bucci,Birkbeck University,England,Anne Hummell Chen,Bard College,USA,,,,,,,,,,,,,,,,https://github.com/SunoikisisDC/SunoikisisDC-2023-2024/wiki/6.-Wikidata
253,2023-2024,Spring,7,29/02/2024,2024,Experiencing 3D: Virtual Reality and Sketchfab. You may find the session on Publishing 3D models and intellectual property from 2021 useful.,cancelled,,,,,,,,,,,,,,,,,,,,,,,,,,,,
254,2023-2024,Spring,8,07/03/2024,2024,3D Modelling: Archaeological reconstruction and 3D printing,occurred,Gabriel Bodard,University of London,England,Michael Donnay,University of London,England,Orly Lewis,Hebrew University of Jerusalem,Jerusalem,,,,,,,,,,,,,,,,,,,https://github.com/SunoikisisDC/SunoikisisDC-2023-2024/wiki/8.-3D-Modelling
255,2023-2024,Summer,9,8/04/2024,2024,Free and open primary texts,occurred,Monica Berti,University Leipzig,Germany,Gabriel Bodard,University of London,England,Martina Filosa,University zu Köln,Germany,,,,,,,,,,,,,,,,,,,,,https://github.com/SunoikisisDC/SunoikisisDC-2023-2024/wiki/1.-Open-Texts,,,,,,,,,,,,,,,,,,
256,2023-2024,Summer,10,22/04/2024,2024,Suda On Line and the Digital Suda projects,occurred,Monica Berti,University Leipzig,Germany,Gabriel Bodard,University of London,England,,,,,,,,,,,,,,,,,,,,,,,,https://github.com/SunoikisisDC/SunoikisisDC-2023 2024/wiki/3.-Suda,,,,,,,,,,,,,,,,,,
257,2023-2024,Summer,11,6/05/2024,2024,Digital prosopography,occurred,James Baillie,University Wien,Austria,Ekaterini Mitsiou,University of Wien,Austria,,,,,,,,,,,,,,,,,,,,,,,,https://github.com/SunoikisisDC/SunoikisisDC-2023-2024/wiki/5.-Prosopography
258,2023-2024,Summer,12,27/05/2024,2024,Text Analysis with Voyant Tools,occurred,Aurélien Berra,University Paris-Nanterre,France,Gabriel Bodard,University of London,England,Christopher Ohge,University of London,England,,,,,,,,,,,,,,,,,,,,,https://github.com/SunoikisisDC/SunoikisisDC-2021-2022/wiki/Text-Analysis-with-Voyant
259,2023-2024,Summer,13,10/06/2024,2024,Treebanking and morphosyntactic annotation to study reception of ancient language and texte,occurred,Gabriel Bodard,University of London,England,Alek Keersmaekers,University of Leuven,Belgium,Marja Vierros,University of Helsinki,Finland,,,,,,,,,,,,,,,,,,,,,https://github.com/SunoikisisDC/SunoikisisDC-2023-2024/wiki/9.-Treebanking
260,2023-2024,Summer,14,24/06/2024,2024,Arabic and Georgian sources for Byzantine and Medieval history,occurred,Nathan Gibson,University Frankfurt,Germany,Tamara Kalkhitashvili,Ilia State University,Georgia,,,,,,,,,,,,,,,,,,,,,,,,https://github.com/SunoikisisDC/SunoikisisDC-2023-2024/wiki/11.-Arabic-Georgian
261,2024-2025,Spring,1,16/01/2025,2025,Finding free classical texts,occurred,Monica Berti,University of Leipzig,Germany,Gabriel Bodard,University of London,England,Katharine Shields,King's College London,England,,,,,,,,,,,,,,,,,,,https://github.com/SunoikisisDC/SunoikisisDC-2024-2025/wiki/1-Finding-Texts,
262,2024-2025,Spring,2,23/01/2025,2025,Preparing texts and data cleaning,occurred,Jonathan Blaney,University of Cambridge,England,Gabriel Bodard,University of London,England,Katharine Shields,King's College London,England,,,,,,,,,,,,,,,,,,,https://github.com/SunoikisisDC/SunoikisisDC-2024-2025/wiki/2-Preparing-Texts,
263,2024-2025,Spring,3,30/01/2025,2025,,postponed,,,,,,,,,,,,,,,,,,,,,,,,,,,,,
264,2024-2025,Spring,4,06/02/2025,2025,Digital editions of inscriptions and papyri,occurred,Gabriel Bodard,University of London,England,Marta Fogagnolo,University of Bologna,Italy,,,,,,,,,,,,,,,,,,,,,,,,https://github.com/SunoikisisDC/SunoikisisDC-2024-2025/wiki/4-EpiDoc,,,,,,,,
265,2024-2025,Spring,5,13/02/2025,2025,Working with Wikipedia,occurred,Gabriel Bodard,University of London,England,Kate Cook,King's College London,England,Richard Nevell,Wikimedia UK,England,Katharine Shields,King's College London,England,,,,,,,,,,,,,,,,https://github.com/SunoikisisDC/SunoikisisDC-2024-2025/wiki/5-Wikipedia,
266,2024-2025,Spring,6,27/02/2025,2025,Analysing and visualising texts,occurred,Kaspar Beelen,University of London,England,Gabriel Bodard,University of London,England,Megan Bushnell,Oxford Text Archive,England,,,,,,,,,,,,,,,,,,,https://github.com/SunoikisisDC/SunoikisisDC-2024-2025/wiki/6-Analysing-Texts,,,,
267,2024-2025,Spring,7,06/03/2025,2025,Working with Cuneiform texts,occurred,Seraina Nett,Copenhagen University,Danmark,Émilie Pagé-Perron,University of York,England,Rune Rattenborg,Lund University,Sweden,Katharine Shields,King's College London,England,,,,,,,,,,,,,,,,https://github.com/SunoikisisDC/SunoikisisDC-2024-2025/wiki/7-Cuneiform-Texts,
268,2024-2025,Spring,8,13/03/2025,2025,Text alignment,occurred,Megan Bushnell,"Oxford Text Archive,University of Oxford",England,Chiara Palladino,Furman University,USA,Farnoosh Shamsian,University of Leipzig,Germany,,,,,,,,,,,,,,,,,,,https://github.com/SunoikisisDC/SunoikisisDC-2024-2025/wiki/8-Text-Alignment,,
269,2024-2025,Spring,9,20/03/2025,2025,Papyrological texts and linguistic research,occurred,Marja Vierros,University of Helsinki,Finland,Polina Yordanova,University of Helsinki,Finland,,,,,,,,,,,,,,,,,,,,,,https://github.com/SunoikisisDC/SunoikisisDC-2024-2025/wiki/9-Linguistics,
