n_total,season,n_in_season,date,title,themes_1,themes_2,themes_3,discipline_1,discipline_2,method_1,method_2,class outline
1,NA,1,07/04/2015,Introduction to the Course,,,,,,,,
2,NA,2,14/04/2015,"Ancient Named Entities in the Digital Age [Introduction to onomastics, prosopography, and geography]",,,,geography,history,named entity recognition,,https://docs.google.com/document/d/1cPfOKTnGc5Mhu7UyA3LEdh5i990vpV0Fg1X23JS9vqc/edit?pli=1
3,NA,3,21/04/2015,"The Big Families [Examples of marked-up inscriptions, names, families, locations]",,,,geography,history,named entity recognition,georeferencing,https://docs.google.com/document/d/1cPfOKTnGc5Mhu7UyA3LEdh5i990vpV0Fg1X23JS9vqc/edit?pli=1
4,NA,4,28/04/2015,"Colonies and politics [Smith’s Dictionaries (translate and annotate entries), updating Wikipedia entries, SNAP ontology]",,,,philology,translation,annotating,defining,https://docs.google.com/document/d/1cPfOKTnGc5Mhu7UyA3LEdh5i990vpV0Fg1X23JS9vqc/edit?pli=1
5,NA,5,05/05/2015,Who are the actors? Study in the language of Thuc. 1.89-118,,,,literature,linguistics,sentiment analysis,topic modeling,https://docs.google.com/document/d/1cPfOKTnGc5Mhu7UyA3LEdh5i990vpV0Fg1X23JS9vqc/edit?pli=1
6,NA,6,12/05/2015,Thucydides and the revolt of Thasos (common session from Thasos) [Source analysis on Thasos],,,,literature,anthropology,sentiment analysis,collating,https://docs.google.com/document/d/1cPfOKTnGc5Mhu7UyA3LEdh5i990vpV0Fg1X23JS9vqc/edit?pli=1
7,NA,7,19/05/2015,What does Thucydides say about Thasos in his book? Can we see ruins that can be linked with the text? Thasian walls (common session from Thasos) [Funerary monuments (list of casualties) linking with literary sources],,,,literature,anthropology,creating,network analysis,https://docs.google.com/document/d/1cPfOKTnGc5Mhu7UyA3LEdh5i990vpV0Fg1X23JS9vqc/edit?pli=1
8,NA,8,26/05/2015,The revolt of Samos in the ancient sources [Non verbal objects],,,,archaeology,anthropology,data visualization,,https://docs.google.com/document/d/1cPfOKTnGc5Mhu7UyA3LEdh5i990vpV0Fg1X23JS9vqc/edit?pli=1
9,NA,9,02/06/2015,"Thucydides and Thrace: linking texts, objects, and places [Annotating inscriptions with EpiDoc, translating inscriptions through EAGLE Europeana, annotating inscriptions in the Louvre, coins]",,,,literature,translation,data visualization,network analysis,https://docs.google.com/document/d/1cPfOKTnGc5Mhu7UyA3LEdh5i990vpV0Fg1X23JS9vqc/edit?pli=1
10,NA,10,09/06/2015,Keywords of war? Follow the words in Thucydides [Morphological annotations],,,,literature,linguistics,topic modeling,,https://docs.google.com/document/d/1cPfOKTnGc5Mhu7UyA3LEdh5i990vpV0Fg1X23JS9vqc/edit?pli=1
11,NA,11,16/06/2015,Treebanking texts and translations [Bare trees],,,,philology,translation,tree-tagging,,https://docs.google.com/document/d/1cPfOKTnGc5Mhu7UyA3LEdh5i990vpV0Fg1X23JS9vqc/edit?pli=1
12,NA,12,23/06/2015,Comparing trees: an introduction to treebanking evaluation [Annotating trees],,,,digital humanities,,tree-tagging,comparing,https://docs.google.com/document/d/1cPfOKTnGc5Mhu7UyA3LEdh5i990vpV0Fg1X23JS9vqc/edit?pli=1
13,NA,13,10/07/2015,"Sunoikisis DC - An International Consortium of Digital Classics Programs [Digital Classicist Seminar Series 2015, http://www.digitalclassicist.org/wip/wip2015-06mb.html]",,,,digital humanities,,,,
14,NA,1,03/02/2016,Introduction to the Course,,,,,,,,https://github.com/SunoikisisDC/SunoikisisDC-2016/wiki/Introduction-to-the-Course-%28February-3%29
15,NA,2,10/02/2016,Introduction to Treebanking Part I,,,,digital humanities,,tree-tagging,teaching,https://github.com/SunoikisisDC/SunoikisisDC-2016/wiki/Introduction-to-Treebanking-Part-I-%28February-10%29
16,NA,3,17/02/2016,Introduction to Treebanking Part II,,,,digital humanities,,tree-tagging,teaching,https://github.com/SunoikisisDC/SunoikisisDC-2016/wiki/Introduction-to-Treebanking-Part-II-%28February-17%29
17,NA,4,24/02/2016,Named Entity Recognition: SNAP and Recogito,,,,digital humanities,,named entity recognition,teaching,https://github.com/SunoikisisDC/SunoikisisDC-2016/wiki/Named-Entity-Recognition:-SNAP-and-Recogito-%28February-24%29
18,NA,5,02/03/2016,Encoding of Ancient Texts,,,,digital humanities,paleography,encoding,teaching,"https://github.com/SunoikisisDC/SunoikisisDC-2016/wiki/Encoding-of-ancient-texts-%28Leiden,-EpiDoc,-EAGLE,-SoSOL%29-%28March-2%29"
19,NA,6,09/03/2016,Annotation and Alignment of Texts and Objects,,,,archaeology,,annotating,network analysis,"https://github.com/SunoikisisDC/SunoikisisDC-2016/wiki/Annotation-and-alignment-of-texts-and-objects-%28Perseids,-Wikimedia-Commons,-Flickr%29-%28March-9%29"
20,NA,7,16/03/2016,"3D Imaging, Scanning, Printing",,,,digital humanities,,,teaching,"https://github.com/SunoikisisDC/SunoikisisDC-2016/wiki/3D-Imaging,-Scanning,-Printing-%28March-16%29"
21,NA,8,23/03/2016,3D Modelling for Cultural Heritage,,,,digital humanities,anthropology,data visualization,teaching,https://github.com/SunoikisisDC/SunoikisisDC-2016/wiki/3D-Modelling-for-Cultural-Heritage-%28March-23%29
22,NA,9,30/03/2016,Teaching Classics in the digital era: pedagogical and logistical issues,,,,digital humanities,,,teaching,https://github.com/SunoikisisDC/SunoikisisDC-2016/wiki/Teaching-Classics-in-the-digital-era:-pedagogical-and-logistical-issues-%28March-30%29
23,NA,10,06/04/2016,Inscriptions in Lucian’s True Stories,,,,epigraphy,literature,,,https://github.com/SunoikisisDC/SunoikisisDC-2016/wiki/Inscriptions-in-Lucian’s-True-Stories-%28April-6%29
24,NA,11,13/04/2016,"Odyssey: Named Entities Annotation, Translation Alignment",,,,philology,translation,named entity recognition,comparing,"https://github.com/SunoikisisDC/SunoikisisDC-2016/wiki/Odyssey:-named-entities-annotation,-translation-alignment-%28April-13%29"
25,NA,12,20/04/2016,Digital Tools for the Arts and Humanities: students’ presentations (University of Florida),,,,digital humanities,,,teaching,https://github.com/SunoikisisDC/SunoikisisDC-2016/wiki/Digital-Tools-for-the-Arts-and-Humanities:-students’-presentations-%28University-of-Florida%29-%28April-20%29
26,NA,13,27/04/2016,"Aristotle: Translation Alignment (Greek, Latin, Arabic)",,,,literature,translation,comparing,,"https://github.com/SunoikisisDC/SunoikisisDC-2016/wiki/Aristotle:-Translation-Alignment-%28Greek,-Latin,-Arabic%29-%28April-27%29"
27,NA,14,04/05/2016,Annotation of Geographical Data,,,,geography,,annotating,georeferencing,https://github.com/SunoikisisDC/SunoikisisDC-2016/wiki/Annotation-of-Geographical-Data-%28May-4%29
28,NA,15,11/05/2016,"Aligned Translations, Treebanking Part I",,,,translation,digital humanities,tree-tagging,teaching,"https://github.com/SunoikisisDC/SunoikisisDC-2016/wiki/Aligned-Translations,-Treebanking-Part-I-%28May-11%29"
29,NA,16,18/05/2016,"Aligned Translations, Treebanking Part II",,,,translation,digital humanities,tree-tagging,teaching,"https://github.com/SunoikisisDC/SunoikisisDC-2016/wiki/Aligned-Translations,-Treebanking-Part-II-%28May-18%29"
30,NA,17,27/05/2016,Reading Plato with Digital Tools,,,,literature,philosophy,sentiment analysis,topic modeling,https://github.com/SunoikisisDC/SunoikisisDC-2016/wiki/Reading-Plato-with-Digital-Tools-%28May-27%29
31,NA,18,01/06/2016,Text and Digital Editing (Lexicography and Geography),,,,linguistics,geography,editing,data mapping,https://github.com/SunoikisisDC/SunoikisisDC-2016/wiki/Text-and-Digital-Editing-%28Lexicography-and-Geography%29-%28June-1%29
32,NA,19,08/06/2016,Annotating Quotations and Text Reuses,,,,philology,,annotating,sentiment analysis,https://github.com/SunoikisisDC/SunoikisisDC-2016/wiki/Annotating-Quotations-and-Text-Reuses-%28June-8%29
33,NA,20,15/06/2016,Presenting SunoikisisDC 2016 at the CHS Common Day,,,,,,,,https://github.com/SunoikisisDC/SunoikisisDC-2016/wiki/Presenting-SunoikisisDC-2016-at-the-CHS-Common-Day-(June-15)
34,NA,21,22/06/2016,Digitizing Inscriptions from Georgia,,,,epigraphy,,enriching,encoding,https://github.com/SunoikisisDC/SunoikisisDC-2016/wiki/Digitizing-Inscriptions-from-Georgia-%28June-22%29
35,NA,22,29/06/2016,"Teaching Greek through (digital) epigraphy, epigraphy through Greek",,,,epigraphy,philology,teaching,,"https://github.com/SunoikisisDC/SunoikisisDC-2016/wiki/Teaching-Greek-through-(digital)-epigraphy,-epigraphy-through-Greek-(June-29)"
36,NA,23,06/07/2016,Open Persian,,,,translation,linguistics,finding,,https://github.com/SunoikisisDC/SunoikisisDC-2016/wiki/Open-Persian-%28July-6%29
37,Fall,1,29/09/2016,Introduction: Object artefact script,,,,archaeology,,contextualizing,,https://github.com/SunoikisisDC/SunoikisisDC-2016-2017/wiki/Session-1:-Object-Artefact-Script
38,Fall,2,06/10/2016,"3D Imaging, Photogrammetry",,,,digital humanities,,scanning,teaching,"https://github.com/SunoikisisDC/SunoikisisDC-2016-2017/wiki/Session-2:-3D-Imaging,-Photogrammetry"
39,Fall,3,13/10/2016,Geography 1: Gazetteers,,,,geography,digital humanities,exploring,teaching,https://github.com/SunoikisisDC/SunoikisisDC-2016-2017/wiki/Session-3:-Geography-1:-Gazetteers
40,Fall,4,20/10/2016,"3D Modelling, Computer Aided Design",,,,digital humanities,,designing,teaching,"https://github.com/SunoikisisDC/SunoikisisDC-2016-2017/wiki/Session-4:-3D-Modelling,-Computer-Aided-Design"
41,Fall,5,27/10/2016,Geography 2: CartoDB,,,,digital humanities,geography,exploring,teaching,https://github.com/SunoikisisDC/SunoikisisDC-2016-2017/wiki/Session-5:-Geography-2:-CartoDB
42,Fall,6,03/11/2016,Geography 3: GIS,,,,digital humanities,geography,exploring,teaching,https://github.com/SunoikisisDC/SunoikisisDC-2016-2017/wiki/Session-6:-Geography-3:-GIS
43,Fall,7,10/11/2016,Ontologies and Data Modelling,,,,digital humanities,,pseudo coding,modeling,https://github.com/SunoikisisDC/SunoikisisDC-2016-2017/wiki/Session-7:-Ontologies-and-Data-Modelling
44,Fall,8,17/11/2016,Data Structuring and Querying,,,,digital humanities,,web development,managing,https://github.com/SunoikisisDC/SunoikisisDC-2016-2017/wiki/Session-8:-Data-Structuring-and-Querying
45,Fall,9,24/11/2016,Data Visualization,,,,digital humanities,,data visualization,,https://github.com/SunoikisisDC/SunoikisisDC-2016-2017/wiki/Session-9:-Data-Visualization
46,Fall,10,01/12/2016,Network Analysis,,,,digital humanities,anthropology,network analysis,,https://github.com/SunoikisisDC/SunoikisisDC-2016-2017/wiki/Session-10:-Network-Analysis
47,Fall,11,08/12/2016,Crowdsourcing Heritage and Conservation,,,,history,museology,crowdsourcing,preserving,https://github.com/SunoikisisDC/SunoikisisDC-2016-2017/wiki/Session-11:-Crowdsourcing-Heritage-and-Conservation
48,Fall,12,15/12/2016,Historical sources,,,,philology,history,sentiment analysis,,https://github.com/SunoikisisDC/SunoikisisDC-2016-2017/wiki/Session-12:-Historical-Sources
49,Spring,1,26/01/2017,Geo-annotation,,,,geography,,annotating,georeferencing,https://github.com/SunoikisisDC/SunoikisisDC-2016-2017/wiki/Geo-annotation
50,Spring,2,02/02/2017,Encoding of ancient texts,,,,digital humanities,paleography,encoding,teaching,https://github.com/SunoikisisDC/SunoikisisDC-2016-2017/wiki/Encoding-of-ancient-texts
51,Spring,3,09/02/2017,Annotating treebanks,,,,digital humanities,linguistics,tree-tagging,annotating,https://github.com/SunoikisisDC/SunoikisisDC-2016-2017/wiki/Annotating-treebanks
52,Spring,4,16/02/2017,Querying treebanks / INESS / Regex,,,,digital humanities,,tree-tagging,teaching,https://github.com/SunoikisisDC/SunoikisisDC-2016-2017/wiki/Querying-treebanks-INESS-Regex
53,Spring,5,23/02/2017,Querying treebanks / XML / XQuery / XPath,,,,digital humanities,,tree-tagging,encoding,"https://github.com/SunoikisisDC/SunoikisisDC-2016-2017/wiki/Querying-treebanks-XML,-XQuery,-XPath"
54,Spring,6,02/03/2017,"Translation alignment: Herodotus in Greek, English and Arabic",,,,translation,translation,comparing,,"https://github.com/SunoikisisDC/SunoikisisDC-2016-2017/wiki/Translation-alignment:-Herodotus-in-Greek,-English-and-Arabic"
55,Spring,7,09/03/2017,Prosopography,,,,prosopography,anthropology,named entity recognition,,https://github.com/SunoikisisDC/SunoikisisDC-2016-2017/wiki/Prosopography
56,Spring,8,16/03/2017,Computational Morphology,,,,digital humanities,morphology,teaching,,https://github.com/SunoikisisDC/SunoikisisDC-2016-2017/wiki/Computational-Morphology
57,Spring,9,23/03/2017,Named entity extraction I,,,,digital humanities,,named entity recognition,teaching,https://github.com/SunoikisisDC/SunoikisisDC-2016-2017/wiki/Named-Entity-Extraction-I
58,Spring,10,30/03/2017,Developing linguistic metrics for the analysis of Ancient Greek,,,,linguistics,literature,,,https://github.com/SunoikisisDC/SunoikisisDC-2016-2017/wiki/Developing-linguistic-metrics-for-the-analysis-of-Ancient-Greek
59,Spring,11,06/04/2017,Reading Herodotus in Tbilisi,,,,literature,,sentiment analysis,associating,https://github.com/SunoikisisDC/SunoikisisDC-2016-2017/wiki/Reading-Herodotus-in-Tbilisi
60,Spring,12,13/04/2017,Reading Herodotus in Tehran,,,,literature,,sentiment analysis,associating,https://github.com/SunoikisisDC/SunoikisisDC-2016-2017/wiki/Reading-Herodotus-in-Teheran
61,Spring,13,20/04/2017,Named entity extraction II,,,,digital humanities,,named entity recognition,teaching,https://github.com/SunoikisisDC/SunoikisisDC-2016-2017/wiki/Named-Entity-Extraction-II
62,Spring,14,27/04/2017,Digital Mycenology,,,,anthropology,digital humanities,teaching,,https://github.com/SunoikisisDC/SunoikisisDC-2016-2017/wiki/Digital-Mycenology
63,Spring,15,11/05/2017,Digital Papyrology: documentary papyri,,,,paleography,digital humanities,teaching,,https://github.com/SunoikisisDC/SunoikisisDC-2016-2017/wiki/Digital-Papyrology:-Documentary-Papyri
64,Spring,16,18/05/2017,Digital Papyrology: literary and paraliterary texts and linguistic annotation of documentary papyri,,,,paleology,linguistics,sentiment analysis,structural analysis,https://github.com/SunoikisisDC/SunoikisisDC-2016-2017/wiki/Digital-Papyrology:-literary-and-paraliterary-texts-and-linguistic-annotation-of-documentary-papyri
65,Spring,17,25/05/2017,Translation Alignment: Possibilities of Language Learning and Vocabulary Training,,,,translation,digital humanities,teaching,,https://github.com/SunoikisisDC/SunoikisisDC-2016-2017/wiki/Translation-Alignment%3A-Possibilities-of-Language-Learning-and-Vocabulary-Training
66,Spring,18,01/06/2017,Digital Egyptology,,,,anthropology,digital humanities,teaching,,https://github.com/SunoikisisDC/SunoikisisDC-2016-2017/wiki/Digital-Egyptology
67,Spring,19,08/06/2017,Annotating people and places in Aristophanes and Ovid using Recogito,,,,literature,,named entity recognition,georeferencing,https://github.com/SunoikisisDC/SunoikisisDC-2016-2017/wiki/Annotating-Aristophanes-Ovid
68,Spring,20,15/06/2017,Annotating and representing ancient lexicographical texts and similes,,,,philology,,annotating,,https://github.com/SunoikisisDC/SunoikisisDC-2016-2017/wiki/Annotating-and-representing-ancient-lexicographical-texts-and-similes
69,Spring,21,23/06/2017,Historical GIS of South-Estern Europe - Joint session with the Digital Classicist Seminar London,,,,digital humanities,,,,https://github.com/SunoikisisDC/SunoikisisDC-2016-2017/wiki/Historical-GIS-of-South-Eastern-Europe
70,Spring,22,29/06/2017,Reading and visualizing geo-annotated data,,,,geography,digital humanities,annotating,data mapping,https://github.com/SunoikisisDC/SunoikisisDC-2016-2017/wiki/Reading-and-visualizing-geo-annotated-data
71,Spring,23,06/07/2017,Topic modelling of morphologically complex languages,,,,linguistics,morphology,,,https://github.com/SunoikisisDC/SunoikisisDC-2016-2017/wiki/Topic-modelling-of-morphologically-complex-languages
72,Fall,1,14/09/2017,"Overview, cultural heritage and digital humanities",,,,digital humanities,history,teaching,,"https://github.com/SunoikisisDC/SunoikisisDC-2017-2018/wiki/Overview,-cultural-heritage-and-digital-humanities"
73,Fall,2,21/09/2017,Crowdsourcing archaeological data: Portable antiquities scheme,,,,archaeology,,crowdsourcing,data mapping,https://github.com/SunoikisisDC/SunoikisisDC-2017-2018/wiki/Crowdsourcing-archaeological-data:-Portable-antiquities-scheme
74,Fall,3,05/10/2017,Geographic annotation and visualisation,,,,geography,,annotating,georeferencing,https://github.com/SunoikisisDC/SunoikisisDC-2017-2018/wiki/Geographic-annotation-and-visualisation
75,Fall,4,12/10/2017,Geographic Information Systems I: encoding geographic data,,,,geography,digital humanities,georeferencing,encoding,https://github.com/SunoikisisDC/SunoikisisDC-2017-2018/wiki/Geographic-Information-Systems-I:-encoding-geographic-data
76,Fall,5,19/10/2017,Geographic Information Systems II: interpreting geographic data,,,,geography,digital humanities,data mapping,,https://github.com/SunoikisisDC/SunoikisisDC-2017-2018/wiki/Geographic-Information-Systems-II:-interpreting-geographic-data
77,Fall,6,26/10/2017,"Structuring, querying and visualising data",,,,digital humanities,,organizing,,"https://github.com/SunoikisisDC/SunoikisisDC-2017-2018/wiki/Structuring,-querying-and-visualising-data"
78,Fall,7,02/11/2017,Data transformation with python and regular expressions,,,,digital humanities,,encoding,transformation,https://github.com/SunoikisisDC/SunoikisisDC-2017-2018/wiki/Data-transformation-with-python-and-regular-expressions
79,Fall,8,09/11/2017,Linking text and image,,,,archaeology,literature,associating,,https://github.com/SunoikisisDC/SunoikisisDC-2017-2018/wiki/Linking-text-and-image
80,Fall,9,16/11/2017,Prosopography and linked person-data,,,,prosopography,,named entity recognition,,https://github.com/SunoikisisDC/SunoikisisDC-2017-2018/wiki/Prosopography-and-linked-person-data
81,Fall,10,23/11/2017,3D scanning and imaging,,,,digital humanities,archaeology,imaging,teaching,https://github.com/SunoikisisDC/SunoikisisDC-2017-2018/wiki/3D-scanning-and-imaging
82,Fall,11,30/11/2017,3D modelling and design,,,,digital humanities,,designing,teaching,https://github.com/SunoikisisDC/SunoikisisDC-2017-2018/wiki/3D-modelling-and-design
83,Fall,12,07/12/2017,3D printing,,,,digital humanities,,imaging,teaching,https://github.com/SunoikisisDC/SunoikisisDC-2017-2018/wiki/3D-printing
84,Fall,13,14/12/2017,Network analysis and visualization,,,,digital humanities,,network analysis,,https://github.com/SunoikisisDC/SunoikisisDC-2017-2018/wiki/Network-analysis-and-visualisation
85,Fall,14,11/01/2018,3D environments and virtual reality,,,,digital humanities,,teaching,teaching,https://github.com/SunoikisisDC/SunoikisisDC-2017-2018/wiki/3D-environments-and-virtual-reality
86,Spring-Summer,1,25/01/2018,Translation alignment,,,,translation,philology,formatting,,https://github.com/SunoikisisDC/SunoikisisDC-2017-2018/wiki/Translation-alignment
87,Spring-Summer,2,01/02/2018,Collaborative editing/resources,,,,digital humanities,,crowdsourcing,editing,https://github.com/SunoikisisDC/SunoikisisDC-2017-2018/wiki/Collaborative-editing
88,Spring-Summer,3,08/02/2018,Markup 1,,,,digital humanities,linguistics,encoding,data mapping,"https://github.com/SunoikisisDC/SunoikisisDC-2017-2018/wiki/Markup-1:-HTML,-XML,-EpiDoc"
89,Spring-Summer,4,15/02/2018,Text annotation,,,,philology,,annotating,encoding,https://github.com/SunoikisisDC/SunoikisisDC-2017-2018/wiki/Text-annotation
90,Spring-Summer,5,22/02/2018,Markup 2,,,,digital humanities,linguistics,encoding,data mapping,https://github.com/SunoikisisDC/SunoikisisDC-2017-2018/wiki/Markup-2:-publication-and-Papyri.info
91,Spring-Summer,6,01/03/2018,Treebanking 1,,,,linguistics,digital humanities,tree-tagging,teaching,https://github.com/SunoikisisDC/SunoikisisDC-2017-2018/wiki/Treebanking-1:-morphosyntactic-annotation
92,Spring-Summer,7,08/03/2018,Treebanking 2,,,,linguistics,,tree-tagging,,https://github.com/SunoikisisDC/SunoikisisDC-2017-2018/wiki/Treebanking-2:-using-treebanks
93,Spring-Summer,8,15/03/2018,Python 1/NER,,,,digital humanities,,named entity recognition,encoding,https://github.com/SunoikisisDC/SunoikisisDC-2017-2018/wiki/Python-1:-Entity-extraction
94,Spring-Summer,9,22/03/2018,Python 2/PoS tagging and lemmatisation,,,,linguistics,digital humanities,tree-tagging,structural analysis,https://github.com/SunoikisisDC/SunoikisisDC-2017-2018/wiki/Python-2:-Part-of-Speech-tagging-and-lemmatisation
95,Spring-Summer,10,12/04/2018,Linked Ancient World Data,,,,digital humanities,,teaching,data mapping,https://github.com/SunoikisisDC/SunoikisisDC-2018-2019/wiki/Session-1.-Historical-Digital-Gazetteers
96,Spring-Summer,11,19/04/2018,The Classical Language Toolkit (CLTK),,,,digital humanities,,teaching,data mapping,https://github.com/SunoikisisDC/SunoikisisDC-2018-2019/wiki/Session-2.-Creating-and-visualising-geo-annotations
97,Spring-Summer,12,26/04/2018,The Scaife Digital Library Viewer,,,,digital humanities,,teaching,data mapping,https://github.com/SunoikisisDC/SunoikisisDC-2018-2019/wiki/Session-3.-3D-imaging-and-printing:-documenting-and-reproducing-cultural-heritage-artefacts
98,Spring-Summer,13,03/05/2018,Linguistic Annotation,,,,linguistics,digital humanities,annotating,teaching,https://github.com/SunoikisisDC/SunoikisisDC-2017-2018/wiki/Linguistic-Annotation
99,Spring-Summer,14,17/05/2018,Geo-Annotation,,,,geography,digital humanities,annotating,georeferencing,
100,Spring-Summer,15,24/05/2018,Digital Prosopography,,,,prosopography,digital humanities,teaching,,https://github.com/SunoikisisDC/SunoikisisDC-2017-2018/wiki/Digital-Prosopography
101,Spring-Summer,16,31/05/2018,Programming Through Latin,translation,NLP,,digital humanities,pedagogy,programming,teaching,https://github.com/SunoikisisDC/SunoikisisDC-2017-2018/wiki/Programming-Through-Latin
102,Spring-Summer,17,07/06/2018,Mastering Sanskrit and Latin words and phrases with Bhagavad Gita as a digital corpus,translation,treebank,digital philology,pedagogy,philology,concordancing,teaching,https://github.com/SunoikisisDC/SunoikisisDC-2017-2018/wiki/Mastering-Greek-Latin-words-phrases
103,Spring-Summer,18,14/06/2018,Open Persian,translation,treebank,teaching and pedagogy,linguistics,pedagogy,tree-tagging,teaching,https://github.com/SunoikisisDC/SunoikisisDC-2017-2018/wiki/Open-Persian
104,Spring-Summer,19,21/06/2018,Digital Papyrology,manuscript,encoding,papyrology,papyrology,digital humanities,encoding,tagging,https://github.com/SunoikisisDC/SunoikisisDC-2017-2018/wiki/Digital-Papyrology
105,Spring-Summer,20,28/06/2018,3D Modelling,digitisation,visualisation,archaeology,archaeology,digital humanities,photogrammetry,3D modeling,https://github.com/SunoikisisDC/SunoikisisDC-2017-2018/wiki/3D-Modelling
106,Spring-Summer,21,05/07/2018,The Digital Rosetta Stone Project,standards,encoding,archaeology,philology,digital humanities,encoding,translating,https://github.com/SunoikisisDC/SunoikisisDC-2017-2018/wiki/Digital-Rosetta-Stone
107,Fall,1,03/10/2018,Historical Digital Gazetteers,linked open data,maps and mapping,visualisation,geography,history,georefencing,mapping,https://github.com/SunoikisisDC/SunoikisisDC-2018-2019/wiki/Session-1.-Historical-Digital-Gazetteers
108,Fall,2,11/10/2018,Creating and visualising geo-annotations,annotation,maps and mapping,visualisation,geography,philology,named entity recognition,georeferencing,https://github.com/SunoikisisDC/SunoikisisDC-2018-2019/wiki/Session-2.-Creating-and-visualising-geo-annotations
109,Fall,3,18/10/2018,3D Imaging and Printing: documenting and reproducing cultural heritage artefacts,digitisation,visualisation,archaeology,archaeology,cultural heritage,photogrammetry,modeling,https://github.com/SunoikisisDC/SunoikisisDC-2018-2019/wiki/Session-3.-3D-imaging-and-printing:-documenting-and-reproducing-cultural-heritage-artefacts
110,Fall,4,25/10/2018,Geographic Information System: querying geo-data,database,visualisation,geography,geography,archaeology,spatial analysis,mapping,https://github.com/SunoikisisDC/SunoikisisDC-2018-2019/wiki/Session-4.-Geographic-Information-System:-querying-geo-data
111,Fall,5,01/11/2018,Digital Cultural Heritage and Public Engagement,crowdsourcing,copyright license and open access,digital methods,cultural heritage,digital humanities,crowdsourcing,publishing,https://github.com/SunoikisisDC/SunoikisisDC-2018-2019/wiki/Session-5.-Digital-Cultural-Heritage-and-Public-Engagement
112,Fall,6,08/11/2018,Linked Open Data for Cultural Heritage,linked open data,standards,cultural studies,cultural heritage,digital humanities,linked open data,standardizing,https://github.com/SunoikisisDC/SunoikisisDC-2018-2019/wiki/Session-6.-Linked-Open-Data-for-Cultural-Heritage
113,Fall,7,15/11/2018,3D Modelling and Texturing,digitisation,visualisation,archaeology,archaeology,digital humanities,3D modeling,visualization,https://github.com/SunoikisisDC/SunoikisisDC-2018-2019/wiki/Session-7.-3D-modelling-and-texturing
114,Fall,8,22/11/2018,Network Analysis,data analysis,visualisation,named entities,history,digital humanities,network analysis,data visualisation,https://github.com/SunoikisisDC/SunoikisisDC-2018-2019/wiki/Session-8.-Network-Analysis
115,Fall,9,29/11/2018,Copyright and Open Access for Digital Cultural Heritage,copyright license and open access,linked open data,cultural studies,cultural heritage,digital humanities,preservation,sharing,https://github.com/SunoikisisDC/SunoikisisDC-2018-2019/wiki/Session-9.-Copyright-and-Open-Access-for-Digital-Cultural-Heritage
116,Spring,1,10/01/2019,Epigraphic markup: Leiden to EpiDoc,annotation,encoding,archaeology,epigraphy,philology,encoding,tagging,https://github.com/SunoikisisDC/SunoikisisDC-2018-2019/wiki/ICS02:-1.-Epigraphic-Markup
117,Spring,2,17/01/2019,Using online linguistic tools: dictionaries and text corpora,text mining,data mining,digitalisation,philology,linguistics,searching,concordancing,https://github.com/SunoikisisDC/SunoikisisDC-2018-2019/wiki/ICS02:-2.-Using-online-linguistic-tools
118,Spring,3,24/01/2019,Geographic annotation of text,visualisation,annotation,geography,geography,philology,named entity recognition,georeferencing,https://github.com/SunoikisisDC/SunoikisisDC-2018-2019/wiki/ICS02:-3.-Geographic-annotation
119,Spring,4,31/01/2019,Linking and annotating secondary materials: case study of Wood Diaries and Palmyra,linked open data,annotation,geography,history,geography,annotating,linked open data,https://github.com/SunoikisisDC/SunoikisisDC-2018-2019/wiki/ICS02:-4.-Annotating-secondary-materials
120,Spring,5,07/02/2019,Introduction to Treebanking,treebank,annotation,text encoding,linguistics,philology,tree-tagging,pos tagging,https://github.com/SunoikisisDC/SunoikisisDC-2018-2019/wiki/ICS02:-5.-Introduction-to-Treebanking
121,Spring,6,14/02/2019,Translation alignment and language pedagogy,translation,treebank,annotation,linguistics,pedagogy,alignment,teaching,https://github.com/SunoikisisDC/SunoikisisDC-2018-2019/wiki/ICS02:-6.-Translation-alignment
122,Spring,7,21/02/2019,Using treebanked corpora: Universal Dependencies,treebank,annotation,digitalisation,linguistics,digital humanities,searching,data mining,https://github.com/SunoikisisDC/SunoikisisDC-2018-2019/wiki/ICS02:-7.-Using-Treebanks
123,Spring,8,28/02/2019,Introduction to programming through R,data mining,annotation,programming,digital humanities,pedagogy,programming,teaching,https://github.com/SunoikisisDC/SunoikisisDC-2018-2019/wiki/ICS02:-8.-Introduction-to-R
124,Spring,9,07/03/2019,Digital methods in ancient palaeography,text analysis,digital methods,paleography,philology,digital humanities,multispectral imaging,analyzing,https://github.com/SunoikisisDC/SunoikisisDC-2018-2019/wiki/ICS02:-9.-Digital-palaeography
125,Spring,10,14/03/2019,"Text analysis, stylometry, visualisation using R",text analysis,text mining,visualisation,philology,digital humanities,stylometry,data visualisation,https://github.com/SunoikisisDC/SunoikisisDC-2018-2019/wiki/ICS02:-10.-Text-analysis-with-R
126,Summer,1,04/04/2019,Introduction to SunoikisisDC Summer 2019,,,,,,,,https://github.com/SunoikisisDC/SunoikisisDC-2018-2019/wiki/Summer2019-Session1
127,Summer,2,11/04/2019,Digital Philology,encoding,annotation,digital philology,philology,digital humanities,encoding,editing,https://github.com/SunoikisisDC/SunoikisisDC-2018-2019/wiki/Summer2019-Session2
128,Summer,3,18/04/2019,"Digital Scholarly Edition: Needs, Experiences, Possibilities",scholarly editing,text encoding,digital philology,philology,digital humanities,editing,theorizing,https://github.com/SunoikisisDC/SunoikisisDC-2018-2019/wiki/Summer2019-Session3
129,Summer,5,02/05/2019,Programming for Humanists,digital methods,encoding,digital philology,digital humanities,pedagogy,programming,teaching,https://github.com/SunoikisisDC/SunoikisisDC-2018-2019/wiki/Summer2019-Session5
130,Summer,6,09/05/2019,"Stylometric Analysis of Greek, Using Vocabulary, Grammar, and Syntax",text analysis,treebank,visualisation,philology,linguistics,stylometry,structural analysis,https://github.com/SunoikisisDC/SunoikisisDC-2018-2019/wiki/Summer2019-Session6
131,Summer,7,16/05/2019,Servius: An Object-Oriented Approach,encoding,standards,annotation,philology,digital humanities,linked open data,modeling,https://github.com/SunoikisisDC/SunoikisisDC-2018-2019/wiki/Summer2019-Session7
132,Summer,8,23/05/2019,Peripleo and Linked Open Data (OAD) for Archaeology,linked open data,database,data mining,archaeology,geography,georefencing,mapping,https://github.com/SunoikisisDC/SunoikisisDC-2018-2019/wiki/Summer2019-Session8
133,Summer,10,06/06/2019,Digital Representations of Ancient Dates,named entities,encoding,archaeology,history,digital humanities,encoding,standardizing,https://github.com/SunoikisisDC/SunoikisisDC-2018-2019/wiki/Summer2019-Session10
134,Summer,11,13/06/2019,From Annotated Text to Vocabulary Exercises,annotation,data mining,text mining,linguistics,pedagogy,content analysis,teaching,https://github.com/SunoikisisDC/SunoikisisDC-2018-2019/wiki/Summer2019-Session11
135,Summer,12,20/06/2019,Digital Methods and Ancient Magic,digitisation,translation,encoding,archaeology,epigraphy,encoding,annotating,https://github.com/SunoikisisDC/SunoikisisDC-2018-2019/wiki/Summer2019-Session12
136,Summer,13,27/06/2019,"Diverse Comparative Studies and the Digital Classicist Work: Greek/grc, Portuguese/por and Brazilian Sign Language/bzs",text analysis,translation,digital philology,linguistics,philology,alignment,translating,https://github.com/SunoikisisDC/SunoikisisDC-2018-2019/wiki/Summer2019-Session13
137,Summer,14,04/07/2019,The Scaife Viewer Reading Environment,visualisation,digital archives and library,digitalisation,philology,digital humanities,designing,searching,https://github.com/SunoikisisDC/SunoikisisDC-2018-2019/wiki/Summer2019-Session14
138,Summer,15,11/07/2019,The Coptic Scriptorium Project,digital methods,encoding,digital philology,philology,linguistics,encoding,pos-tagging,https://github.com/SunoikisisDC/SunoikisisDC-2018-2019/wiki/Summer2019-Session15
139,Fall,1,03/10/2019,Digital Images and Photography,digitisation,linked open data,photography,cultural heritage,digital humanities,imaging,organizing,https://github.com/SunoikisisDC/SunoikisisDC-2019-2020/wiki/DCH-Session-1-Images
140,Fall,2,10/10/2019,3D Imaging and Photogrammetry,digitisation,metadata,photography,archaeology,digital humanities,imaging,modeling,https://github.com/SunoikisisDC/SunoikisisDC-2019-2020/wiki/DCH-Session-2-3D-Imaging
141,Fall,3,17/10/2019,Decolonization of Cultural Heritage,digital methods,standards,cultural studies,cultural heritage,history,contextualizing,theorizing,https://github.com/SunoikisisDC/SunoikisisDC-2019-2020/wiki/DCH-Session-3-Decolonization
142,Fall,4,24/10/2019,3D Modelling for Cultural Heritage,digitisation,standards,cultural studies,archaeology,cultural heritage,modeling,visualization,https://github.com/SunoikisisDC/SunoikisisDC-2019-2020/wiki/DCH-Session-4-3D-Modelling
143,Fall,5,31/10/2019,Digital Gazetteers,linked open data,visualisation,geography,geography,history,georefencing,mapping,https://github.com/SunoikisisDC/SunoikisisDC-2019-2020/wiki/DCH-Session-5-Gazetteers
144,Fall,6,07/11/2019,Linked Open Data,linked open data,standards,database,digital humanities,cultural heritage,linked open data,modeling,https://github.com/SunoikisisDC/SunoikisisDC-2019-2020/wiki/DCH-Session-6-Linked-Open-Data
145,Fall,7,14/11/2019,Legal and Ethical Considerations,copyright license and open access,linked open data,ethics,cultural heritage,digital humanities,theorizing,preserving,https://github.com/SunoikisisDC/SunoikisisDC-2019-2020/wiki/DCH-Session-7-Legal-and-Ethical
146,Fall,8,21/11/2019,GIS and Geovisualization,digital methods,encoding,geography,geography,digital humanities,spatial analysis,mapping,https://github.com/SunoikisisDC/SunoikisisDC-2019-2020/wiki/DCH-Session-8-GIS-and-Geovisualization
147,Fall,9,28/11/2019,Crowdsourcing Cultural Heritage,linked open data,digital archives and library,crowdsourcing,cultural heritage,history,crowdsourcing,publishing,https://github.com/SunoikisisDC/SunoikisisDC-2019-2020/wiki/DCH-Session-9-Crowdsourcing
148,Spring,1,16/01/2020,Basic tools,digital methods,copyright license and open access,,,,,,https://github.com/SunoikisisDC/SunoikisisDC-2019-2020/wiki/DC-Session-1-Basic-Tools
149,Spring,2,23/01/2020,Wikimedia sites for research,linked open data,database,research process,digital humanities,history,data mining,publishing,https://github.com/SunoikisisDC/SunoikisisDC-2019-2020/wiki/DC-Session-2-Wikimedia
150,Spring,3,30/01/2020,EpiDoc 1: intro to markup,epigraphy,manuscript,encoding,epigraphy,digital humanities,encoding,annotating,https://github.com/SunoikisisDC/SunoikisisDC-2019-2020/wiki/DC-Session-3-EpiDoc-1
151,Spring,4,06/02/2020,Introduction to Python,digital methods,data mining,encoding,digital humanities,pedagogy,programming,teaching,https://github.com/SunoikisisDC/SunoikisisDC-2019-2020/wiki/DC-Session-4-Python
152,Spring,5,13/02/2020,EpiDoc 2: publishing,text encoding,visualisation,digital edition,epigraphy,digital humanities,encoding,publishing,https://github.com/SunoikisisDC/SunoikisisDC-2019-2020/wiki/DC-Session-5-EpiDoc-2
153,Spring,6,20/02/2020,Treebanking 1: morphosyntactic annotation,annotation,treebank,encoding,linguistics,philology,pos tagging,structural analysis,https://github.com/SunoikisisDC/SunoikisisDC-2019-2020/wiki/DC-Session-6-Treebanking-1
154,Spring,7,27/02/2020,Translation alignment,translation,encoding,database,linguistics,philology,alignment,translation,https://github.com/SunoikisisDC/SunoikisisDC-2019-2020/wiki/DC-Session-7-Translation-alignment
155,Spring,8,05/03/2020,Treebanking 2: querying treebanks,annotation,treebank,text mining,linguistics,digital humanities,searching,data mining,https://github.com/SunoikisisDC/SunoikisisDC-2019-2020/wiki/DC-Session-8-Treebanking-2
156,Spring,9,12/03/2020,Data Visualisation,text analysis,data analysis,visualisation,digital humanities,philology,visualization,structural analysis,https://github.com/SunoikisisDC/SunoikisisDC-2019-2020/wiki/DC-Session-9-Visualisation
157,Summer,1,09/04/2020,Introduction to SunikisisDC,,,,,,,,https://github.com/SunoikisisDC/SunoikisisDC-2019-2020/wiki/Summer2020-Session-1
158,Summer,2,16/04/2020,Digital Classics in Teaching: Before and Now,teaching and pedagogy,digital methods,,pedagogy,digital humanities,theorizing,teaching,https://github.com/SunoikisisDC/SunoikisisDC-2019-2020/wiki/Summer-2020-Session-2
159,Summer,3,23/04/2020,Text-Bearing Objects 1,encoding,archaeology,,archaeology,epigraphy,imaging,encoding,https://github.com/SunoikisisDC/SunoikisisDC-2019-2020/wiki/Summer2020-Session-3
160,Summer,4,30/04/2020,Text-Bearing Objects 2,archaeology,visualisation,database,archaeology,epigraphy,modeling,visualization,https://github.com/SunoikisisDC/SunoikisisDC-2019-2020/wiki/Summer2020-Session-4
161,Summer,5,07/05/2020,Open Access for Digital Classics,linked open data,teaching and pedagogy,digital archives and library,cultural heritage,digital humanities,sharing,publishing,https://github.com/SunoikisisDC/SunoikisisDC-2019-2020/wiki/Summer2020-Session-5
162,Summer,6,14/05/2020,"Digital classics and learning Greek in Iran,",teaching and pedagogy,translation,digital methods,linguistics,pedagogy,translation,teaching,https://github.com/SunoikisisDC/SunoikisisDC-2019-2020/wiki/Summer2020-Session-6
163,Summer,7,28/05/2020,Named Entities Recognition and Annotation for Ancient Greek,annotation,visualisation,text analysis,philology,linguistics,tagging,text mining,https://github.com/SunoikisisDC/SunoikisisDC-2019-2020/wiki/Summer2020-Session-8
164,Summer,8,04/06/2020,"Making CTS and its application with Greek, Portuguese, and English alignments on Ducat (Daughter of Ugarit Citation Alignment Tool)",translation,visualisation,text analysis,philology,digital humanities,alignment,encoding,https://github.com/SunoikisisDC/SunoikisisDC-2019-2020/wiki/Summer2020-Session-9
165,Summer,9,11/06/2020,Cylleneus: Next-gen corpus search for ancient languages,text mining,text analysis,database,philology,linguistics,searching,data mining,https://github.com/SunoikisisDC/SunoikisisDC-2019-2020/wiki/Summer2020-Session-10
166,Summer,10,18/06/2020,Textual Analysis,text analysis,visualisation,digital methods,philology,digital humanities,content analysis,visualization,https://github.com/SunoikisisDC/SunoikisisDC-2019-2020/wiki/Summer2020-Session-11
167,Summer,11,25/06/2020,Programming for Humanists,digital methods,translation,,digital humanities,pedagogy,programming,teaching,https://github.com/SunoikisisDC/SunoikisisDC-2019-2020/wiki/Summer2020-Session-12
168,Summer,12,02/07/2020,Romans 1 by 1: Classical Prosopography using relational and graph based approaches,prosopography,database,linked open data,history,digital humanities,relational analysis,modeling,https://github.com/SunoikisisDC/SunoikisisDC-2019-2020/wiki/Summer2020-Session-13
169,Summer,13,08/07/2020,Virtual Rome: A Digital Model of the Ancient City,digitisation,visualisation,digital methods,archaeology,geography,modeling,visualization,https://github.com/SunoikisisDC/SunoikisisDC-2019-2020/wiki/Summer2020-Session-14
170,Summer,14,22/07/2020,"Digitisation, Intellectual Property, and Restitution: Exploring (more) equitable approaches to [digital] cultural heritage management",copyright license and open access,digital methods,cultural studies,cultural heritage,history,theorizing,contextualizing,https://github.com/SunoikisisDC/SunoikisisDC-2019-2020/wiki/Summer2020-Session-15
171,Fall,1,08/10/2020,"Open Source software, commandline and Git",linked open data,copyright license and open access,digital archives and library,digital humanities,pedagogy,programming,archiving,https://github.com/SunoikisisDC/SunoikisisDC-2020-2021/wiki/1-Open-Source-Commandline-Git
172,Fall,2,15/10/2020,Introduction to Markup,annotation,XML-TEI,digital methods,philology,digital humanities,encoding,annotation,
173,Fall,3,19/10/2020,EpiDoc XML,XML-TEI,annotation,epigraphy,epigraphy,digital humanities,encoding,tagging,https://github.com/SunoikisisDC/SunoikisisDC-2020-2021/wiki/3-EpiDoc
174,Fall,4,29/10/2020,Introduction to Computational Linguistics,epigraphy,annotation,text analysis,linguistics,digital humanities,content analysis,programming,https://github.com/SunoikisisDC/SunoikisisDC-2020-2021/wiki/4-Computational-Linguistics
175,Fall,5,05/11/2020,Web Annotation,annotation,linked open data,text encoding,digital humanities,pedagogy,annotation,linked data,https://github.com/SunoikisisDC/SunoikisisDC-2020-2021/wiki/5-Web-Annotation
176,Fall,6,12/11/2020,Research with Wikimedia Commons,linked open data,database,,cultural heritage,history,searching,publishing,https://github.com/SunoikisisDC/SunoikisisDC-2020-2021/wiki/6-Wikimedia-Commons
177,Fall,7,19/11/2020,Using Treebanks,treebank,annotation,text analysis,linguistics,philology,structural analysis,data mining,https://github.com/SunoikisisDC/SunoikisisDC-2020-2021/wiki/7-Using-Treebanks
178,Fall,8,26/11/2020,Translation Technologies,translation,text analysis,visualisation,linguistics,philology,translation,alignment,https://github.com/SunoikisisDC/SunoikisisDC-2020-2021/wiki/8-Translation-Technologies
179,Fall,9,03/12/2020,Visualisation,treebank,text analysis,visualisation,digital humanities,linguistics,visualization,structural analysis,https://github.com/SunoikisisDC/SunoikisisDC-2020-2021/wiki/9-Visualisation
180,Spring,1,21/01/2021,3D imaging and scanning,digitisation,visualisation,objects and artefacts,archaeology,digital humanities,imaging,modeling,https://github.com/SunoikisisDC/SunoikisisDC-2020-2021/wiki/CH1-3D-Imaging
181,Spring,2,28/01/2021,Community Mapping,maps and mapping,sentiment analysis,linked open data,geography,cultural heritage,crowdsourcing,mapping,https://github.com/SunoikisisDC/SunoikisisDC-2020-2021/wiki/CH2-Community-Mapping
182,Spring,3,04/02/2021,Wikipedia and cultural knowledge production,linked open data,standards,cultural studies,cultural heritage,history,writing,publishing,https://github.com/SunoikisisDC/SunoikisisDC-2020-2021/wiki/CH3-Knowledge-Production
183,Spring,4,11/02/2021,Linked geographical data and web-mapping,linked open data,geography,visualisation,geography,digital humanities,linked data,mapping,https://github.com/SunoikisisDC/SunoikisisDC-2020-2021/wiki/CH4-Linked-Geodata
184,Spring,5,18/02/2021,Intangible Cultural Heritage and Indigenous heritage,digitisation,cultural studies,,cultural heritage,history,theorizing,contextualizing,https://github.com/SunoikisisDC/SunoikisisDC-2020-2021/wiki/CH5-Intangible-Cultural-Heritage
185,Spring,6,25/02/2021,Geographic Information Systems,visualisation,database,geography,geography,archaeology,spatial analysis,mapping,https://github.com/SunoikisisDC/SunoikisisDC-2020-2021/wiki/CH6-GIS
186,Spring,7,04/03/2021,Publishing 3D models and intellectual property,digitisation,copyright license and open access,digital edition,archaeology,cultural heritage,publishing,modeling,https://github.com/SunoikisisDC/SunoikisisDC-2020-2021/wiki/CH7-Publishing-3D
187,Spring,8,11/03/2021,Intellectual Property and heritage restitution,copyright license and open access,linked open data,,cultural heritage,history,theorizing,preservation,https://github.com/SunoikisisDC/SunoikisisDC-2020-2021/wiki/CH8-IP-and-Restitution
188,Spring,9,18/03/2021,3D modelling,visualisation,digitisation,,archaeology,digital humanities,modeling,visualization,https://github.com/SunoikisisDC/SunoikisisDC-2020-2021/wiki/CH9-3D-Modelling
189,Summer,1,15/04/2021,Introduction,,,,,,,,https://github.com/SunoikisisDC/SunoikisisDC-2020-2021/wiki/SunoikisisDC-Summer-2021-Session-1
190,Summer,2,22/04/2021,Teaching Epigraphy in a Pandemic,teaching and pedagogy,epigraphy,,epigraphy,pedagogy,teaching,learning,https://github.com/SunoikisisDC/SunoikisisDC-2020-2021/blob/master/Summer-2021/Session2_slides.pdf
191,Summer,3,29/04/2021,Digital Epigraphic Corpora. The Example of the Inscriptions from Israel and Palestine,encoding,epigraphy,digital archives and library,epigraphy,history,encoding,archiving,https://github.com/SunoikisisDC/SunoikisisDC-2020-2021/wiki/SunoikisisDC-Summer-2021-Session-3
192,Summer,4,06/05/2021,Linguistic Annotations of Greek and Latin Inscriptions,epigraphy,annotation,,epigraphy,linguistics,annotation,pos tagging,https://github.com/SunoikisisDC/SunoikisisDC-2020-2021/wiki/SunoikisisDC-Summer-2021-Session-4
193,Summer,5,20/05/2021,Learning and Reading ancient Greek with Pedalion,linguistics,teaching and pedagogy,,philology,pedagogy,teaching,content analysis,https://github.com/SunoikisisDC/SunoikisisDC-2020-2021/wiki/SunoikisisDC-Summer-2021-Session-6
194,Summer,6,27/05/2021,Reading and Learning ancient Greek with Diorisis and the Scaife Viewer,linguistics,teaching and pedagogy,,philology,pedagogy,teaching,structural analysis,https://github.com/SunoikisisDC/SunoikisisDC-2020-2021/wiki/SunoikisisDC-Summer-2021-Session-7
195,Summer,7,03/06/2021,Trismegistos People,prosopography,manuscript,,papyrology,history,relational analysis,data mining,https://github.com/SunoikisisDC/SunoikisisDC-2020-2021/wiki/SunoikisisDC-Summer-2021-Session-8
196,Summer,8,10/06/2021,Named Entity Recognition and Prosopography,prosopography,annotation,linked open data,history,linguistics,tagging,text mining,https://github.com/SunoikisisDC/SunoikisisDC-2020-2021/wiki/SunoikisisDC-Summer-2021-Session-9
197,Summer,9,17/06/2021,Annotating Geographical Data with Recogito,geography,annotation,text analysis,geography,philology,annotation,georeferencing,https://github.com/SunoikisisDC/SunoikisisDC-2020-2021/wiki/SunoikisisDC-Summer-2021-Session-10
198,Summer,10,24/06/2021,Citation for Historical Texts and the Cited Loci Project,text mining,annotation,linked open data,philology,history,annotation,linked data,https://github.com/SunoikisisDC/SunoikisisDC-2020-2021/wiki/SunoikisisDC-Summer-2021-Session-11
199,Summer,11,01/07/2021,The Digital Latin Library,linked open data,semantic Web,digital archives and library,philology,digital humanities,editing,publishing,https://github.com/SunoikisisDC/SunoikisisDC-2020-2021/wiki/SunoikisisDC-Summer-2021-Session-12
200,Summer,12,08/07/2021,eAQUA. Extraction of structured knowledge from ancient sources for Classical Studies,text mining,,,philology,digital humanities,data mining,content analysis,https://github.com/SunoikisisDC/SunoikisisDC-2020-2021/wiki/SunoikisisDC-Summer-2021-Session-13
201,Summer,13,15/07/2021,Beyond Classics: The Book of the Dead in 3D,digitisation,archaeology,visualisation,archaeology,cultural heritage,modeling,visualization,https://github.com/SunoikisisDC/SunoikisisDC-2020-2021/wiki/SunoikisisDC-Summer-2021-Session-14
202,Summer,14,22/07/2021,Beyond Classics: The Turin Papyrus Online Platform (TPOP),digitisation,database,,papyrology,cultural heritage,publishing,archiving,https://github.com/SunoikisisDC/SunoikisisDC-2020-2021/wiki/SunoikisisDC-Summer-2021-Session-15
203,Fall,1,07/10/2021,Philological Search Tools,,text mining,digital archives and library,philology,digital humanities,searching,text mining,https://github.com/SunoikisisDC/SunoikisisDC-2021-2022/wiki/Philological-Search-Tools
204,Fall,2,14/10/2021,Text Encoding I: EpiDoc,XML-TEI,annotation,epigraphy,epigraphy,digital humanities,encoding,annotation,https://github.com/SunoikisisDC/SunoikisisDC-2021-2022/wiki/Text-Encoding-I-EpiDoc
205,Fall,3,21/10/2021,Text Analysis with Voyant,text mining,,,philology,digital humanities,content analysis,visualization,https://github.com/SunoikisisDC/SunoikisisDC-2021-2022/wiki/Text-Analysis-with-Voyant
206,Fall,4,28/10/2021,Text Encoding II: Objects,XML-TEI,archaeology,annotation,archaeology,epigraphy,encoding,annotation,https://github.com/SunoikisisDC/SunoikisisDC-2021-2022/wiki/Text-Encoding-II-Objects
207,Fall,5,04/11/2021,Research with Treebanks,text analysis,epigraphy,linguistics,linguistics,philology,structural analysis,searching,https://github.com/SunoikisisDC/SunoikisisDC-2021-2022/wiki/Research-with-Treebanks
208,Fall,6,11/11/2021,cancelled,,,,,,,,
209,Fall,7,18/11/2021,Translation and Text Alignment,digital humanities history,translation,,linguistics,philology,translation,alignment,https://github.com/SunoikisisDC/SunoikisisDC-2021-2022/wiki/Translation-and-Text-Alignment
210,Fall,8,25/11/2021,Text and Web Annotation,,,,linguistics,philology,annotating,linked open data,https://github.com/SunoikisisDC/SunoikisisDC-2021-2022/wiki/Text-and-Web-Annotation
211,Fall,9,02/12/2021,Computational Linguistics,,,,linguistics,digital humanities,teaching,,https://github.com/SunoikisisDC/SunoikisisDC-2021-2022/wiki/Computational-Linguistics
212,Spring,1,13/01/2022,Crowdsourcing and cultural heritage,,linked open data,cultural studies,digital humanities,,crowdsourcing,,https://github.com/SunoikisisDC/SunoikisisDC-2021-2022/wiki/1-Crowdsourcing
213,Spring,2,20/01/2022,"Museum data, access and metadata",,,,digital humanities,museology,organizing,linked open data,https://github.com/SunoikisisDC/SunoikisisDC-2021-2022/wiki/2-Museum-data
214,Spring,3,27/01/2022,3D imaging in museum research,digitisation,"GLAM: galleries,libraries,archives,museums",archaeology,digital humanities,museology,teaching,organizing,https://github.com/SunoikisisDC/SunoikisisDC-2021-2022/wiki/3-3D-imaging
215,Spring,4,03/02/2022,Digital heritage collections,"GLAM: galleries,libraries,archives,museums",copyright license and open access,cultural studies,digital humanities,museology,archiving,preservation metadata,https://github.com/SunoikisisDC/SunoikisisDC-2021-2022/wiki/4-Digital-heritage
216,Spring,5,10/02/2022,3D modelling and reconstruction,digitisation,visualisation,cultural studies,digital humanities,archaeology,teaching,modeling,https://github.com/SunoikisisDC/SunoikisisDC-2021-2022/wiki/5-3D-modelling
217,Spring,6,17/02/2022,Linked geographical data and annotation,linked open data,maps and mapping,semantic Web,geography,,georeferencing,annotating,https://github.com/SunoikisisDC/SunoikisisDC-2021-2022/wiki/6-Linked-Geodata
218,Spring,7,24/02/2022,Reuse of heritage data and open licenses,"GLAM: galleries,libraries,archives,museums",copyright license and open access,,museology,,linked open data,upload,https://github.com/SunoikisisDC/SunoikisisDC-2021-2022/wiki/7-Reuse-of-heritage
219,Spring,8,03/03/2022,Geographic Information Systems,geography,cultural studies,archaeology,geography,archaeology,spatial analysis,data visualization,https://github.com/SunoikisisDC/SunoikisisDC-2021-2022/wiki/8-GIS
220,Spring,9,10/03/2022,"Archaeology, VR and other gaming technologies",virtual and augmented reality,digitisation,archaeology,digital humanities,archaeology,teaching,modeling,https://github.com/SunoikisisDC/SunoikisisDC-2021-2022/wiki/9-VR-and-archaeology
221,Summer,1,28/04/2022,WordNets for Ancient Indo-European Languages,Digital-Lexicography,Word-Nets,Linguistic-Research,linguistics,digital humanities,teaching,,https://github.com/SunoikisisDC/SunoikisisDC-2021-2022/wiki/SunoikisisDC-Summer-2022-Session-1
222,Summer,2,05/05/2022,Text Analysis and Fragment Detection in Aelian’s De Natura Animalium,Digital-Philology,Text-Analysis,Voyant-Tool,literature,paleography,discourse analysis,,https://github.com/SunoikisisDC/SunoikisisDC-2021-2022/wiki/SunoikisisDC-Summer-2022-Session-2
223,Summer,3,19/05/2022,ToposText and Wikidata,Digital-Geography,Mapping,ToposText,geography,digital humanities,georeferencing,linked open data,https://github.com/SunoikisisDC/SunoikisisDC-2021-2022/wiki/SunoikisisDC-Summer-2022-Session-4
224,Summer,4,02/06/2022,Machina Callida,Pedagogy,Philological-Research,Machina-Callida,digital humanities,linguistics,teaching,,https://github.com/SunoikisisDC/SunoikisisDC-2021-2022/wiki/SunoikisisDC-Summer-2022-Session-6
225,Summer,5,09/06/2022,"South Africa, Greece and Rome: Classical Confrontations in the Digital Age",Digital-Museology,Preserving,Museum-Data,museology,anthropology,discourse analysis,organizing,https://github.com/SunoikisisDC/SunoikisisDC-2021-2022/wiki/SunoikisisDC-Summer-2022-Session-7
226,Summer,6,23/06/2022,Natural Language Processing (NLP) for Historical Texts,Natural-Language-Processing,Geo-Tagging,GIS,linguistics,history,natural language processing,discourse analysis,https://github.com/SunoikisisDC/SunoikisisDC-2021-2022/wiki/SunoikisisDC-Summer-2022-Session-9
227,Summer,7,30/06/2022,Exhibiting the Ancient World - Online and Offline,Digital-Museology,Curating,Digital-Exhibitions,museology,digital humanities,teaching,,https://github.com/SunoikisisDC/SunoikisisDC-2021-2022/wiki/SunoikisisDC-Summer-2022-Session-10
228,Summer,8,07/07/2022,Translation Alignment for Ancient Greek and Latin,Computational-Linguistics,Translation-Alignment,Ancient-Greek,translation,,comparing,annotating,https://github.com/SunoikisisDC/SunoikisisDC-2021-2022/wiki/SunoikisisDC-Summer-2022-Session-11
229,Fall,1,03/11/2022,Learning Greek and Latin with Treebanks,digital-classics,annotation,tree-banking,linguistics,digital humanities,tree-tagging,teaching,https://github.com/SunoikisisDC/SunoikisisDC-2022-2023/wiki/Learning-Greek-and-Latin-with-Treebanks
230,Fall,2,10/11/2022,Contributing Apparatus corrections to Papyri.info,,,digital-papyrology,digital humanities,philology,teaching,correcting,https://github.com/SunoikisisDC/SunoikisisDC-2022-2023/wiki/Contributing-Apparatus-corrections-to-Papyri-info
231,Fall,3,16/11/2022,Editing MediaWiki and the Digital Classicist Wiki,,,digital-classics,digital humanities,,teaching,collaborating,https://github.com/SunoikisisDC/SunoikisisDC-2022-2023/wiki/Editing-MediaWiki-and-the-Digital-Classicist-Wiki
232,Fall,4,22/11/2022,Contributing to Ancient Linguistic Annotation Projects,computational-linguistics,annotation,ancient-texts,linguistics,,annotating,collaborating,https://github.com/SunoikisisDC/SunoikisisDC-2022-2023/wiki/Contributing-to-Ancient-Linguistic-Annotation-Projects
233,Fall,5,08/12/2022,Using and Editing Wikidata,,digital-classics,using-editing,digital humanities,,editing,linked open data,https://github.com/SunoikisisDC/SunoikisisDC-2022-2023/wiki/Using-and-Editing-Wikidata
234,Spring,1,19/01/2023,Object description and process in EpiDoc,,digital-classics,text-editing,history,,annotating,editing,https://github.com/SunoikisisDC/SunoikisisDC-2022-2023/wiki/Ch-1-EpiDoc
235,Spring,2,26/01/2023,Using and Editing Wikipedia,,digital-classics,text-editing,digital humanities,,editing,linked open data,https://github.com/SunoikisisDC/SunoikisisDC-2022-2023/wiki/Ch-2-Wikipedia
236,Spring,3,02/02/2023,Linked Geographical Data and Annotation,linked open data,semantic Web,geography,geography,,organizing,annotating,https://github.com/SunoikisisDC/SunoikisisDC-2021-2022/wiki/6-Linked-Geodata
237,Spring,4,09/02/2023,GIS and Mapping,,,,geography,,data visualization,georeferencing,
238,Spring,5,16/02/2023,3D Imaging and Scanning,,,,digital humanities,,teaching,imaging,
239,Spring,6,23/02/2023,"Physical, Digital and Intellectual Property Restitution",copyright license and open access,digitisation,,museology,,knowledge discovery,preserving,https://github.com/SunoikisisDC/SunoikisisDC-2022-2023/wiki/Ch-6-Restitution
240,Spring,7,02/03/2023,3D Modelling and Reconstruction,digitisation,visualisation,cultural studies,digital humanities,archaeology,modeling,teaching,https://github.com/SunoikisisDC/SunoikisisDC-2022-2023/wiki/Ch-7-3D-Modelling
241,Spring,8,09/03/2023,Museum Collection Data Management and Access,"GLAM: galleries,libraries,archives,museums",database,copyright license and open access,museology,,teaching,organizing,https://github.com/SunoikisisDC/SunoikisisDC-2022-2023/wiki/Ch-8-Collection-Data
242,Spring,9,16/03/2023,3D Printing and Publishing,,,,digital humanities,,teaching,modeling,
243,Summer,1,11/05/2023,Using and editing Wikidata,digital-classics,using-editing,wiki-data,digital humanities,,enriching,teaching,https://github.com/SunoikisisDC/SunoikisisDC-2022-2023/wiki/Using-and-Editing-Wikidata
244,Summer,2,08/06/2023,The Digital Classicist Wiki,digital-classics,wiki-data,digital-classicist-wiki,digital humanities,,teaching,collaborating,https://github.com/SunoikisisDC/SunoikisisDC-2022-2023/wiki/Session-2
245,Summer,3,15/06/2023,Wikidata for Classicists,digital-classics,wiki-data,,digital humanities,,teaching,linked open data,https://github.com/SunoikisisDC/SunoikisisDC-2022-2023/wiki/Session-3
246,Summer,4,06/07/2023,"Wikimedia Commons, Wikisource and Wikiquote for Classicists",,,,digital humanities,,teaching,linked open data,
247,Spring,1,11/01/2024,EpiDoc: Digital encoding of epigraphic text and object,,,,history,epigraphy,teaching,annotating,https://github.com/SunoikisisDC/SunoikisisDC-2023-2024/wiki/1.-EpiDoc
248,Spring,2,18/01/2024,3D Imaging: From remote sensing to photogrammetry,,,,digital humanities,archaeology,teaching,imaging,https://github.com/SunoikisisDC/SunoikisisDC-2023-2024/wiki/2.-3D-Imaging
249,Spring,3,25/01/2024,Gazetteers: Annotation and mapping,,,,geography,,georeferencing,annotating,https://github.com/SunoikisisDC/SunoikisisDC-2023-2024/wiki/3.-Gazetteers
250,Spring,4,08/02/2024,Geographic Information Systems: From maps to analysis,,,,geography,,georeferencing,data visualization,https://github.com/SunoikisisDC/SunoikisisDC-2023-2024/wiki/4.-GIS
251,Spring,5,15/02/2024,Ethical Responsibilites and 3D Methods in Cultural Heritage,,,,digital humanities,museology,teaching,preserving,https://github.com/SunoikisisDC/SunoikisisDC-2023-2024/wiki/5.-Ethics
252,Spring,6,22/02/2024,Wikipedia & Wikidata: Collaboration and authority data,,,,digital humanities,,teaching,crowdsourcing,https://github.com/SunoikisisDC/SunoikisisDC-2023-2024/wiki/6.-Wikidata
253,Spring,7,29/02/2024,Experiencing 3D: Virtual Reality and Sketchfab,,,,digital humanities,,teaching,imaging,
254,Spring,8,07/03/2024,3D Modelling: Archaeological reconstruction and 3D printing,,,,digital humanities,archaeology,teaching,designing,https://github.com/SunoikisisDC/SunoikisisDC-2023-2024/wiki/8.-3D-Modelling
255,Summer,1,08/04/2024,Free and open primary texts,,,,literature,philology,,linked open data,https://github.com/SunoikisisDC/SunoikisisDC-2023-2024/wiki/1.-Open-Texts
256,Summer,2,22/04/2024,Suda On Line and the Digital Suda projects,,,,digital humanities,literature,annotating,,https://github.com/SunoikisisDC/SunoikisisDC-2023 2024/wiki/3.-Suda
257,Summer,3,06/05/2024,Digital prosopography,,,,digital humanities,prosopography,teaching,,https://github.com/SunoikisisDC/SunoikisisDC-2023-2024/wiki/5.-Prosopography
258,Summer,4,27/05/2024,Text Analysis with Voyant Tools,,,,philology,digital humanities,exploring,teaching,https://github.com/SunoikisisDC/SunoikisisDC-2021-2022/wiki/Text-Analysis-with-Voyant
259,Summer,5,10/06/2024,Treebanking and morphosyntactic annotation to study reception of ancient language and texte,,,,linguistics,,tree-tagging,teaching,https://github.com/SunoikisisDC/SunoikisisDC-2023-2024/wiki/9.-Treebanking
260,Summer,6,24/06/2024,Arabic and Georgian sources for Byzantine and Medieval history,,,,history,literature,comparing,,https://github.com/SunoikisisDC/SunoikisisDC-2023-2024/wiki/11.-Arabic-Georgian
261,Spring,1,16/01/2025,Finding free classical texts,,,,literature,digital humanities,exploring,linked open data,https://github.com/SunoikisisDC/SunoikisisDC-2024-2025/wiki/1-Finding-Texts
262,Spring,2,23/01/2025,Preparing texts and data cleaning,,,,digital humanities,philology,data cleansing,teaching,https://github.com/SunoikisisDC/SunoikisisDC-2024-2025/wiki/2-Preparing-Texts
263,Spring,3,18/03/2025,Working with Egyptian texts,,,,philology,literature,sentiment analysis,,https://github.com/SunoikisisDC/SunoikisisDC-2024-2025/wiki/3-Egyptian-Texts
264,Spring,4,06/02/2025,Digital editions of inscriptions and papyri,,,,paleography,philology,exploring,,https://github.com/SunoikisisDC/SunoikisisDC-2024-2025/wiki/4-EpiDoc
265,Spring,5,13/02/2025,Working with Wikipedia,,,,digital humanities,,linked open data,teaching,https://github.com/SunoikisisDC/SunoikisisDC-2024-2025/wiki/5-Wikipedia
266,Spring,6,27/02/2025,Analysing and visualising texts,,,,philology,literature,named entity recognition,data visualization,https://github.com/SunoikisisDC/SunoikisisDC-2024-2025/wiki/6-Analysing-Texts
267,Spring,7,06/03/2025,Working with Cuneiform texts,,,,philology,paleography,exploring,,https://github.com/SunoikisisDC/SunoikisisDC-2024-2025/wiki/7-Cuneiform-Texts
268,Spring,8,13/03/2025,Text alignment,,,,philology,,comparing,,https://github.com/SunoikisisDC/SunoikisisDC-2024-2025/wiki/8-Text-Alignment
269,Spring,9,20/03/2025,Papyrological texts and linguistic research,,,,paleography,linguistics,exploring,,https://github.com/SunoikisisDC/SunoikisisDC-2024-2025/wiki/9-Linguistics
270,Spring,1,15/01/2026,What is Digital Classics/Cultural Heritage?,,,,digital humanities,museology,teaching,,https://github.com/SunoikisisDC/SunoikisisDC-2025-2026/wiki/1-What-Is-DCH
271,Spring,2,22/01/2026,Collaborative Cultural Heritage Geodata,,,,digital humanities,geography,georeferencing,teaching,https://github.com/SunoikisisDC/SunoikisisDC-2025-2026/wiki/2-Collaborative-Geodata
272,Spring,3,29/01/2026,3D Modelling and Visualisation,,,,digital humanities,,teaching,modeling,https://github.com/SunoikisisDC/SunoikisisDC-2025-2026/wiki/3-3D-Modelling
273,Spring,4,05/02/2026,3D and 2½D Imaging,,,,digital humanities,,teaching,imaging,https://github.com/SunoikisisDC/SunoikisisDC-2025-2026/wiki/4-3D-Imaging
274,Spring,5,12/02/2026,Geographic Information Systems,,,,geography,digital humanities,exploring,teaching,https://github.com/SunoikisisDC/SunoikisisDC-2025-2026/wiki/5-GIS
275,Spring,6,26/02/2026,Working with Indigenous Heritage,,,,history,anthropology,knowledge discovery,,https://github.com/SunoikisisDC/SunoikisisDC-2025-2026/wiki/6-Indigenous-Heritage
276,Spring,7,05/03/2026,Epigraphic Object Encoding,,,,epigraphy,digital humanities,encoding,teaching,https://github.com/SunoikisisDC/SunoikisisDC-2025-2026/wiki/7-EpiDoc
277,Spring,8,12/03/2026,"Ethics, Sustainability & Paradata in 3D Heritage",,,,digital humanities,archaeology,knowledge discovery,teaching,https://github.com/SunoikisisDC/SunoikisisDC-2025-2026/wiki/8-Ethical-3D
278,Spring,9,19/03/2026,VR and Virtual Environments,,,,digital humanities,,georeferencing,teaching,https://github.com/SunoikisisDC/SunoikisisDC-2025-2026/wiki/9-VR
279,Summer,1,21/04/2026,Introduction to Digital Scholarly Edition,,,,digital humanities,,academic publishing,teaching,https://github.com/SunoikisisDC/SunoikisisDC-2025-2026/wiki/Summer-2026-Session-1
280,Summer,2,28/04/2026,Tools and Environments for Publishing Digital Scholarly Editions,,,,digital humanities,,academic publishing,teaching,https://github.com/SunoikisisDC/SunoikisisDC-2025-2026/wiki/Summer-2026-Session-2
281,Summer,3,05/05/2026,From the Manuscript to the Digital Scholarly Edition,,,,paleography,digital humanities,capturing,academic publishing,https://github.com/SunoikisisDC/SunoikisisDC-2025-2026/wiki/Summer-2026-Session-3
282,Summer,4,12/05/2026,Linked Open Data in Digital Scholarly Editions,,,,digital humanities,,teaching,linked open data,https://github.com/SunoikisisDC/SunoikisisDC-2025-2026/wiki/Summer-2026-Session-4
